id,position_id,date,cost,balance,old_price,new_price,shares,type
41,3,"2019-05-02 16:04:42",20,20.000,0.570,0.648,32.834,LogScoringTransaction
100,3,"2019-05-02 16:31:00",10,10.000,0.687,0.717,14.235,LogScoringTransaction
932,3,"2019-05-05 22:24:13",-10,0.687,0.860,0.845,11.729,LogScoringTransaction
37,4,"2019-05-02 16:04:28",20,20.000,0.500,0.591,36.659,LogScoringTransaction
98,4,"2019-05-02 16:30:32",10,10.000,0.681,0.712,14.358,LogScoringTransaction
7,5,"2019-05-02 16:00:49",20,100.000,0.500,0.591,36.659,LogScoringTransaction
24,5,"2019-05-02 16:03:24",20,40.000,0.591,0.665,31.835,LogScoringTransaction
34,5,"2019-05-02 16:04:21",-20,0.000,0.665,0.591,31.835,LogScoringTransaction
14,6,"2019-05-02 16:01:07",20,80.000,0.500,0.591,36.659,LogScoringTransaction
25,6,"2019-05-02 16:03:40",20,20.000,0.591,0.665,31.835,LogScoringTransaction
39,6,"2019-05-02 16:04:37",-20,0.000,0.665,0.591,31.835,LogScoringTransaction
933,6,"2019-05-05 22:24:26",10,10.687,0.834,0.850,11.877,LogScoringTransaction
15,11,"2019-05-02 16:01:29",-20,60.000,0.500,0.409,36.659,LogScoringTransaction
17,11,"2019-05-02 16:02:02",-40,40.000,0.409,0.274,60.579,LogScoringTransaction
20,11,"2019-05-02 16:02:57",60,0.000,0.274,0.500,97.238,LogScoringTransaction
22,11,"2019-05-02 16:03:09",-20,60.000,0.500,0.409,36.659,LogScoringTransaction
66,11,"2019-05-02 16:12:59",1,0.000,0.397,0.401,1.665,LogScoringTransaction
67,11,"2019-05-02 16:13:03",-1,1.000,0.401,0.397,1.665,LogScoringTransaction
96,11,"2019-05-02 16:30:12",10,0.000,0.386,0.426,16.826,LogScoringTransaction
99,11,"2019-05-02 16:30:51",10,0.000,0.426,0.471,18.129,LogScoringTransaction
101,11,"2019-05-02 16:31:34",1,0.000,0.471,0.479,3.393,LogScoringTransaction
104,11,"2019-05-02 16:32:12",-1,0.092,0.475,0.469,2.070,LogScoringTransaction
510,11,"2019-05-03 08:56:24",1,0.688,0.419,0.425,2.225,LogScoringTransaction
511,11,"2019-05-03 08:56:39",-1,0.130,0.425,0.419,2.225,LogScoringTransaction
987,12,"2019-05-06 08:30:07",5,100.000,0.873,0.879,5.706,LogScoringTransaction
1001,12,"2019-05-06 08:38:04",15,45.000,0.888,0.903,16.750,LogScoringTransaction
996,13,"2019-05-06 08:35:41",10,95.000,0.860,0.873,11.541,LogScoringTransaction
1007,14,"2019-05-06 08:40:05",30,30.000,0.864,0.899,33.993,LogScoringTransaction
998,16,"2019-05-06 08:37:16",20,65.000,0.581,0.657,32.269,LogScoringTransaction
997,17,"2019-05-06 08:36:54",20,85.000,0.522,0.609,35.366,LogScoringTransaction
2406,27,"2019-05-12 08:54:29",25,50.000,0.439,0.563,49.888,LogScoringTransaction
2407,28,"2019-05-12 08:54:38",25,25.000,0.466,0.584,47.597,LogScoringTransaction
2405,29,"2019-05-12 08:54:00",50,100.000,0.311,0.582,112.743,LogScoringTransaction
1722,30,"2019-05-07 15:34:49",10,20.000,0.869,0.881,11.426,LogScoringTransaction
1532,31,"2019-05-06 20:04:53",-100,100.000,0.913,0.336,302.850,LogScoringTransaction
1533,31,"2019-05-06 20:05:46",100,0.000,0.336,0.913,302.850,LogScoringTransaction
1721,31,"2019-05-07 15:34:42",10,30.000,0.857,0.871,11.571,LogScoringTransaction
1715,32,"2019-05-07 15:28:09",25,100.000,0.896,0.919,27.531,LogScoringTransaction
1716,33,"2019-05-07 15:28:26",25,75.000,0.901,0.923,27.408,LogScoringTransaction
1719,34,"2019-05-07 15:33:50",10,50.000,0.740,0.765,13.291,LogScoringTransaction
1720,35,"2019-05-07 15:33:59",10,40.000,0.704,0.732,13.920,LogScoringTransaction
1723,36,"2019-05-07 15:36:08",5,10.000,0.706,0.721,7.009,LogScoringTransaction
1724,37,"2019-05-07 15:36:13",5,5.000,0.775,0.786,6.407,LogScoringTransaction
1713,39,"2019-05-07 15:14:37",5,85.000,0.909,0.913,5.487,LogScoringTransaction
1712,40,"2019-05-07 15:14:30",5,90.000,0.850,0.857,5.857,LogScoringTransaction
1710,41,"2019-05-07 15:14:15",5,98.000,0.891,0.896,5.596,LogScoringTransaction
1709,42,"2019-05-07 15:13:58",2,100.000,0.896,0.898,2.230,LogScoringTransaction
1711,42,"2019-05-07 15:14:22",3,93.000,0.898,0.901,3.336,LogScoringTransaction
1714,47,"2019-05-07 15:17:17",10,80.000,0.531,0.576,18.056,LogScoringTransaction
240,48,"2019-05-02 18:34:27",15,50.000,0.803,0.830,18.366,LogScoringTransaction
244,48,"2019-05-02 18:36:35",5,15.000,0.830,0.838,5.993,LogScoringTransaction
267,48,"2019-05-02 18:41:38",-10,0.027,0.861,0.846,11.713,LogScoringTransaction
281,48,"2019-05-02 18:57:43",7,15.027,0.766,0.782,9.046,LogScoringTransaction
739,48,"2019-05-03 17:34:51",-7,0.027,0.796,0.781,8.875,LogScoringTransaction
758,48,"2019-05-03 18:21:06",-10,0.027,0.792,0.770,12.802,LogScoringTransaction
2448,48,"2019-05-12 15:48:22",-20,46.973,0.828,0.678,82.638,LogScoringTransaction
2449,48,"2019-05-12 15:48:27",10,26.998,0.678,0.749,35.007,LogScoringTransaction
2451,48,"2019-05-12 15:48:48",-3,33.153,0.749,0.727,11.456,LogScoringTransaction
241,49,"2019-05-02 18:34:33",15,35.000,0.801,0.828,18.407,LogScoringTransaction
243,49,"2019-05-02 18:36:28",5,20.000,0.828,0.837,6.005,LogScoringTransaction
271,49,"2019-05-02 18:44:22",-10,0.027,0.860,0.845,11.733,LogScoringTransaction
282,49,"2019-05-02 18:57:50",8,8.027,0.764,0.783,10.342,LogScoringTransaction
1522,49,"2019-05-06 19:10:12",-20,0.027,0.908,0.888,22.265,LogScoringTransaction
2450,49,"2019-05-12 15:48:39",-5,36.998,0.764,0.730,18.215,LogScoringTransaction
237,50,"2019-05-02 18:33:15",25,100.000,0.879,0.906,27.996,LogScoringTransaction
274,50,"2019-05-02 18:45:14",-10,0.027,0.919,0.910,10.931,LogScoringTransaction
280,50,"2019-05-02 18:57:18",-15,0.027,0.910,0.896,16.604,LogScoringTransaction
632,50,"2019-05-03 13:58:02",30,30.027,0.870,0.904,33.792,LogScoringTransaction
738,50,"2019-05-03 17:32:21",10,10.027,0.798,0.817,12.380,LogScoringTransaction
1610,50,"2019-05-07 01:50:51",-42,20.027,0.921,0.879,46.598,LogScoringTransaction
2446,50,"2019-05-12 15:47:50",20,86.973,0.848,0.875,23.203,LogScoringTransaction
2454,50,"2019-05-12 15:49:59",5,10.153,0.875,0.881,5.692,LogScoringTransaction
239,51,"2019-05-02 18:33:29",25,75.000,0.886,0.911,27.801,LogScoringTransaction
251,51,"2019-05-02 18:38:12",5,5.000,0.746,0.759,6.646,LogScoringTransaction
265,51,"2019-05-02 18:41:10",4,4.027,0.792,0.800,5.023,LogScoringTransaction
268,51,"2019-05-02 18:41:46",10,10.027,0.800,0.819,12.347,LogScoringTransaction
272,51,"2019-05-02 18:44:29",10,10.027,0.819,0.837,12.077,LogScoringTransaction
275,51,"2019-05-02 18:45:21",10,10.027,0.837,0.852,11.843,LogScoringTransaction
629,51,"2019-05-03 13:57:48",-30,0.027,0.946,0.927,32.007,LogScoringTransaction
637,51,"2019-05-03 14:00:56",-10,0.027,0.927,0.920,10.826,LogScoringTransaction
740,51,"2019-05-03 17:35:02",7,7.027,0.807,0.820,8.602,LogScoringTransaction
760,51,"2019-05-03 18:21:20",10,10.027,0.742,0.767,13.253,LogScoringTransaction
1849,51,"2019-05-08 12:03:31",-20,52.027,0.901,0.879,22.474,LogScoringTransaction
2030,51,"2019-05-09 16:27:54",-29,69.679,0.913,0.884,32.252,LogScoringTransaction
2447,51,"2019-05-12 15:47:56",20,66.973,0.848,0.875,23.201,LogScoringTransaction
2455,51,"2019-05-12 15:50:06",5,5.153,0.875,0.882,5.692,LogScoringTransaction
1847,52,"2019-05-08 12:02:54",-10,57.027,0.781,0.706,39.156,LogScoringTransaction
1848,52,"2019-05-08 12:03:08",5,47.027,0.706,0.742,18.158,LogScoringTransaction
2445,52,"2019-05-12 15:47:19",-5,91.973,0.721,0.686,16.894,LogScoringTransaction
246,53,"2019-05-02 18:37:16",-5,10.000,0.574,0.546,11.363,LogScoringTransaction
263,53,"2019-05-02 18:40:38",5,0.000,0.589,0.618,12.151,LogScoringTransaction
1953,53,"2019-05-09 07:11:31",10,79.679,0.535,0.579,17.946,LogScoringTransaction
638,54,"2019-05-03 14:01:10",10,10.027,0.531,0.576,18.074,LogScoringTransaction
737,54,"2019-05-03 17:32:13",-10,0.027,0.605,0.564,17.109,LogScoringTransaction
2138,54,"2019-05-10 19:50:15",10,101.973,0.551,0.594,17.456,LogScoringTransaction
2139,54,"2019-05-10 19:50:20",10,91.973,0.594,0.633,16.299,LogScoringTransaction
2140,54,"2019-05-10 19:50:38",-10,81.973,0.633,0.594,16.299,LogScoringTransaction
1789,55,"2019-05-07 19:43:52",-20,62.027,0.814,0.666,78.361,LogScoringTransaction
1791,55,"2019-05-07 19:44:58",10,42.027,0.666,0.736,33.574,LogScoringTransaction
1792,55,"2019-05-07 19:45:19",5,52.027,0.736,0.774,20.459,LogScoringTransaction
1850,55,"2019-05-08 12:04:27",3,72.027,0.651,0.671,8.860,LogScoringTransaction
1851,55,"2019-05-08 12:04:40",5,75.027,0.671,0.705,15.715,LogScoringTransaction
2044,55,"2019-05-09 19:19:58",-5,98.679,0.817,0.778,23.951,LogScoringTransaction
2113,55,"2019-05-10 18:38:37",8,94.082,0.638,0.691,23.783,LogScoringTransaction
2452,56,"2019-05-12 15:49:05",-10,30.153,0.582,0.527,22.440,LogScoringTransaction
2453,56,"2019-05-12 15:49:13",-10,20.153,0.527,0.476,20.061,LogScoringTransaction
278,57,"2019-05-02 18:51:44",-10,65.000,0.846,0.766,52.149,LogScoringTransaction
877,57,"2019-05-04 17:56:28",-5,35.000,0.925,0.880,52.280,LogScoringTransaction
1323,57,"2019-05-06 14:04:52",-5,30.000,0.857,0.816,30.712,LogScoringTransaction
1527,57,"2019-05-06 19:39:58",-5,25.000,0.911,0.866,45.407,LogScoringTransaction
1717,57,"2019-05-07 15:32:44",-5,10.000,0.913,0.869,46.507,LogScoringTransaction
279,58,"2019-05-02 18:52:57",-10,55.000,0.845,0.764,51.744,LogScoringTransaction
1534,58,"2019-05-06 20:08:09",-10,20.000,0.913,0.826,79.014,LogScoringTransaction
616,59,"2019-05-03 13:54:16",-1,45.000,0.954,0.945,19.918,LogScoringTransaction
617,59,"2019-05-03 13:55:26",-1,44.000,0.945,0.936,16.756,LogScoringTransaction
618,59,"2019-05-03 13:55:33",-2,43.000,0.936,0.917,27.247,LogScoringTransaction
621,59,"2019-05-03 13:56:03",-2,41.000,0.917,0.899,21.779,LogScoringTransaction
622,59,"2019-05-03 13:56:09",-4,39.000,0.899,0.864,33.886,LogScoringTransaction
247,60,"2019-05-02 18:37:24",-20,100.000,0.911,0.746,125.211,LogScoringTransaction
276,63,"2019-05-02 18:46:07",10,80.000,0.452,0.505,20.901,LogScoringTransaction
277,64,"2019-05-02 18:49:06",5,70.000,0.471,0.497,10.335,LogScoringTransaction
1718,65,"2019-05-07 15:33:41",-5,5.000,0.576,0.548,11.416,LogScoringTransaction
1166,66,"2019-05-06 11:51:59",10,30.000,0.870,0.883,11.409,LogScoringTransaction
1642,66,"2019-05-07 08:36:08",5,10.000,0.866,0.873,5.749,LogScoringTransaction
1676,66,"2019-05-07 12:32:06",9,9.113,0.915,0.922,9.798,LogScoringTransaction
1167,67,"2019-05-06 11:52:08",10,20.000,0.870,0.882,11.413,LogScoringTransaction
1643,67,"2019-05-07 08:36:18",5,5.000,0.842,0.850,5.909,LogScoringTransaction
1155,68,"2019-05-06 11:47:18",25,85.000,0.873,0.901,28.157,LogScoringTransaction
1156,69,"2019-05-06 11:47:32",30,60.000,0.885,0.915,33.320,LogScoringTransaction
1149,72,"2019-05-06 11:45:52",5,100.000,0.705,0.719,7.023,LogScoringTransaction
1673,72,"2019-05-07 12:31:09",-1,0.000,0.727,0.724,1.378,LogScoringTransaction
1674,72,"2019-05-07 12:31:20",-5,1.000,0.724,0.706,8.893,LogScoringTransaction
1152,73,"2019-05-06 11:46:18",10,95.000,0.695,0.724,14.083,LogScoringTransaction
1675,73,"2019-05-07 12:31:41",-5,4.113,0.786,0.775,6.407,LogScoringTransaction
2378,84,"2019-05-11 21:57:46",-5,85.000,0.853,0.811,29.922,LogScoringTransaction
2379,85,"2019-05-11 21:58:11",-5,80.000,0.804,0.764,23.185,LogScoringTransaction
2377,89,"2019-05-11 21:56:05",-5,90.000,0.720,0.685,16.803,LogScoringTransaction
2375,90,"2019-05-11 21:55:10",5,100.000,0.361,0.392,13.274,LogScoringTransaction
2380,90,"2019-05-11 21:58:56",8,75.000,0.392,0.439,19.250,LogScoringTransaction
2376,91,"2019-05-11 21:55:17",5,95.000,0.392,0.421,12.298,LogScoringTransaction
2381,91,"2019-05-11 21:59:10",8,67.000,0.421,0.466,18.033,LogScoringTransaction
2382,92,"2019-05-11 21:59:26",9,59.000,0.246,0.311,32.433,LogScoringTransaction
1726,93,"2019-05-07 16:33:51",4,100.000,0.890,0.894,4.485,LogScoringTransaction
1727,93,"2019-05-07 16:34:09",-1,96.000,0.894,0.893,1.119,LogScoringTransaction
1728,93,"2019-05-07 16:34:23",7,97.000,0.893,0.900,7.808,LogScoringTransaction
1739,93,"2019-05-07 16:43:53",15,25.000,0.900,0.914,16.534,LogScoringTransaction
1956,93,"2019-05-09 07:54:25",-10,0.000,0.856,0.841,11.781,LogScoringTransaction
2115,93,"2019-05-10 19:02:27",-5,2.000,0.856,0.849,5.864,LogScoringTransaction
1733,94,"2019-05-07 16:40:30",-2,45.000,0.871,0.854,14.542,LogScoringTransaction
1734,94,"2019-05-07 16:40:45",2,43.000,0.854,0.871,14.542,LogScoringTransaction
1735,94,"2019-05-07 16:40:53",5,45.000,0.871,0.877,5.720,LogScoringTransaction
1731,95,"2019-05-07 16:39:39",20,70.000,0.919,0.934,21.582,LogScoringTransaction
1741,95,"2019-05-07 16:45:08",5,5.000,0.934,0.937,5.345,LogScoringTransaction
1732,96,"2019-05-07 16:40:10",5,50.000,0.923,0.926,5.408,LogScoringTransaction
1957,96,"2019-05-09 07:54:48",5,10.000,0.904,0.909,5.516,LogScoringTransaction
1738,97,"2019-05-07 16:43:34",5,30.000,0.765,0.776,6.490,LogScoringTransaction
1959,97,"2019-05-09 07:58:32",-5,0.000,0.742,0.728,7.309,LogScoringTransaction
1960,97,"2019-05-09 07:58:51",2,4.556,0.728,0.735,3.247,LogScoringTransaction
2116,97,"2019-05-10 19:02:40",3,7.000,0.742,0.750,4.020,LogScoringTransaction
1740,98,"2019-05-07 16:44:18",-5,10.000,0.732,0.697,17.524,LogScoringTransaction
1961,98,"2019-05-09 07:59:13",-3,3.000,0.619,0.601,7.696,LogScoringTransaction
2114,98,"2019-05-10 19:01:49",2,0.000,0.672,0.685,6.225,LogScoringTransaction
1958,99,"2019-05-09 07:55:10",5,5.000,0.731,0.744,6.775,LogScoringTransaction
1729,100,"2019-05-07 16:38:45",10,90.000,0.786,0.806,12.560,LogScoringTransaction
1730,101,"2019-05-07 16:39:23",10,80.000,0.548,0.591,17.558,LogScoringTransaction
1736,101,"2019-05-07 16:42:36",-20,40.000,0.591,0.496,38.475,LogScoringTransaction
1737,101,"2019-05-07 16:43:01",-10,40.000,0.496,0.449,18.946,LogScoringTransaction
2117,101,"2019-05-10 19:02:52",-4,4.000,0.323,0.310,5.849,LogScoringTransaction
1912,102,"2019-05-08 19:57:10",25,100.000,0.815,0.856,29.883,LogScoringTransaction
1915,104,"2019-05-08 20:01:22",20,65.000,0.877,0.899,22.508,LogScoringTransaction
1928,105,"2019-05-08 20:06:23",20,30.000,0.883,0.904,22.379,LogScoringTransaction
1913,106,"2019-05-08 19:59:22",-10,75.000,0.742,0.672,34.247,LogScoringTransaction
1931,106,"2019-05-08 20:07:58",-10,10.000,0.672,0.608,27.800,LogScoringTransaction
1932,106,"2019-05-08 20:08:08",10,0.000,0.608,0.672,27.800,LogScoringTransaction
1933,106,"2019-05-08 20:08:13",10,10.000,0.672,0.742,34.247,LogScoringTransaction
1927,107,"2019-05-08 20:05:57",10,40.000,0.722,0.749,13.595,LogScoringTransaction
1929,107,"2019-05-08 20:07:02",-10,10.000,0.749,0.722,13.595,LogScoringTransaction
1930,107,"2019-05-08 20:07:38",-10,20.000,0.722,0.653,32.108,LogScoringTransaction
1934,107,"2019-05-08 20:08:21",-10,20.000,0.653,0.591,26.507,LogScoringTransaction
1935,107,"2019-05-08 20:08:30",-10,10.000,0.591,0.535,22.899,LogScoringTransaction
1926,110,"2019-05-08 20:05:26",5,45.000,0.436,0.463,11.118,LogScoringTransaction
749,111,"2019-05-03 18:18:01",5,95.000,0.781,0.792,6.356,LogScoringTransaction
1226,111,"2019-05-06 13:27:39",4,40.000,0.819,0.826,4.865,LogScoringTransaction
747,112,"2019-05-03 18:17:43",-5,100.000,0.752,0.715,18.791,LogScoringTransaction
1227,112,"2019-05-06 13:28:06",-4,36.000,0.817,0.785,20.107,LogScoringTransaction
750,113,"2019-05-03 18:18:21",-10,90.000,0.835,0.755,49.231,LogScoringTransaction
1229,113,"2019-05-06 13:28:21",-4,32.000,0.765,0.735,15.988,LogScoringTransaction
751,114,"2019-05-03 18:18:35",-10,80.000,0.820,0.742,46.058,LogScoringTransaction
1230,114,"2019-05-06 13:28:56",-4,28.000,0.832,0.799,21.695,LogScoringTransaction
752,115,"2019-05-03 18:18:56",5,70.000,0.681,0.697,7.257,LogScoringTransaction
1231,115,"2019-05-06 13:29:11",4,24.000,0.688,0.700,5.762,LogScoringTransaction
1233,115,"2019-05-06 13:29:57",4,20.000,0.700,0.712,5.664,LogScoringTransaction
753,116,"2019-05-03 18:19:10",-2,65.000,0.661,0.648,5.792,LogScoringTransaction
759,116,"2019-05-03 18:21:12",-3,43.000,0.648,0.629,8.301,LogScoringTransaction
1235,116,"2019-05-06 13:30:09",-4,16.000,0.660,0.634,11.343,LogScoringTransaction
754,117,"2019-05-03 18:19:25",-5,63.000,0.564,0.536,11.109,LogScoringTransaction
1236,117,"2019-05-06 13:30:24",-4,12.000,0.696,0.669,12.595,LogScoringTransaction
755,118,"2019-05-03 18:19:43",-5,58.000,0.556,0.529,10.920,LogScoringTransaction
1237,118,"2019-05-06 13:30:34",-4,8.000,0.663,0.637,11.439,LogScoringTransaction
757,119,"2019-05-03 18:20:31",-10,53.000,0.326,0.295,14.492,LogScoringTransaction
1239,119,"2019-05-06 13:30:53",-4,4.000,0.413,0.397,6.720,LogScoringTransaction
705,138,"2019-05-03 17:05:30",-2,83.999,0.829,0.812,11.137,LogScoringTransaction
731,138,"2019-05-03 17:14:00",-2,35.999,0.812,0.796,10.213,LogScoringTransaction
904,138,"2019-05-05 20:09:39",-2,30.999,0.886,0.869,16.322,LogScoringTransaction
905,138,"2019-05-05 20:10:17",-1,28.999,0.869,0.860,7.365,LogScoringTransaction
2372,138,"2019-05-11 21:37:42",-1,1.999,0.862,0.853,7.009,LogScoringTransaction
707,139,"2019-05-03 17:05:40",-4,81.999,0.783,0.752,17.209,LogScoringTransaction
684,140,"2019-05-03 16:41:52",-1,99.000,0.941,0.932,15.755,LogScoringTransaction
699,140,"2019-05-03 17:04:03",-5,92.999,0.932,0.886,56.025,LogScoringTransaction
700,140,"2019-05-03 17:04:16",-4,87.999,0.886,0.852,30.670,LogScoringTransaction
703,140,"2019-05-03 17:05:08",2,83.999,0.852,0.869,14.316,LogScoringTransaction
704,140,"2019-05-03 17:05:16",-2,85.999,0.869,0.852,14.316,LogScoringTransaction
711,140,"2019-05-03 17:05:54",-2,77.999,0.852,0.835,12.758,LogScoringTransaction
720,140,"2019-05-03 17:07:12",-5,54.999,0.835,0.794,27.014,LogScoringTransaction
906,140,"2019-05-05 20:10:32",-2,27.999,0.875,0.857,14.929,LogScoringTransaction
2371,140,"2019-05-11 21:37:29",-2,3.999,0.865,0.848,13.934,LogScoringTransaction
685,141,"2019-05-03 16:42:42",1,98.000,0.913,0.913,1.095,LogScoringTransaction
695,141,"2019-05-03 17:02:52",-5,97.000,0.913,0.877,39.399,LogScoringTransaction
696,141,"2019-05-03 17:03:15",1,93.999,0.877,0.886,8.419,LogScoringTransaction
697,141,"2019-05-03 17:03:33",-2,94.999,0.886,0.868,16.260,LogScoringTransaction
712,141,"2019-05-03 17:06:02",-4,75.999,0.868,0.834,26.948,LogScoringTransaction
722,141,"2019-05-03 17:07:19",-4,49.999,0.834,0.801,21.983,LogScoringTransaction
1421,141,"2019-05-06 16:37:04",-2,18.999,0.892,0.874,17.125,LogScoringTransaction
2374,141,"2019-05-11 21:38:12",-1,1.999,0.856,0.848,6.763,LogScoringTransaction
726,142,"2019-05-03 17:08:54",-5,45.999,0.716,0.681,16.603,LogScoringTransaction
2369,142,"2019-05-11 21:36:55",-3,8.999,0.757,0.735,11.805,LogScoringTransaction
728,143,"2019-05-03 17:09:02",-5,40.999,0.695,0.661,15.543,LogScoringTransaction
1419,143,"2019-05-06 16:36:26",-3,25.999,0.669,0.649,8.805,LogScoringTransaction
1422,143,"2019-05-06 16:37:28",-2,16.999,0.649,0.637,5.601,LogScoringTransaction
1423,143,"2019-05-06 16:37:43",-2,14.999,0.637,0.624,5.409,LogScoringTransaction
713,144,"2019-05-03 17:06:18",-5,71.999,0.637,0.606,13.200,LogScoringTransaction
732,144,"2019-05-03 17:14:19",-3,33.999,0.624,0.605,7.780,LogScoringTransaction
1420,144,"2019-05-06 16:36:45",-4,22.999,0.819,0.787,20.317,LogScoringTransaction
2368,144,"2019-05-11 21:36:21",3,5.999,0.347,0.358,4.632,LogScoringTransaction
2373,144,"2019-05-11 21:37:56",1,0.999,0.358,0.361,1.561,LogScoringTransaction
714,145,"2019-05-03 17:06:24",-2,66.999,0.550,0.539,4.393,LogScoringTransaction
1424,145,"2019-05-06 16:37:55",-3,12.999,0.807,0.783,14.629,LogScoringTransaction
683,146,"2019-05-03 16:41:00",-1,100.000,0.363,0.360,1.567,LogScoringTransaction
717,146,"2019-05-03 17:06:53",-5,64.999,0.360,0.342,7.705,LogScoringTransaction
718,146,"2019-05-03 17:07:03",-5,59.999,0.342,0.326,7.507,LogScoringTransaction
2366,146,"2019-05-11 21:34:18",-2,9.999,0.261,0.256,2.697,LogScoringTransaction
2367,146,"2019-05-11 21:34:59",-2,7.999,0.256,0.251,2.679,LogScoringTransaction
2370,146,"2019-05-11 21:37:18",-2,5.999,0.251,0.246,2.661,LogScoringTransaction
2220,147,"2019-05-11 12:54:17",10,50.000,0.721,0.747,13.621,LogScoringTransaction
2221,148,"2019-05-11 12:54:28",10,40.000,0.825,0.841,12.001,LogScoringTransaction
2215,149,"2019-05-11 12:52:59",40,100.000,0.930,0.953,42.440,LogScoringTransaction
2217,149,"2019-05-11 12:53:41",-15,35.000,0.953,0.946,15.796,LogScoringTransaction
2216,150,"2019-05-11 12:53:24",25,60.000,0.918,0.936,26.951,LogScoringTransaction
2222,151,"2019-05-11 12:54:50",10,30.000,0.750,0.774,13.123,LogScoringTransaction
2223,152,"2019-05-11 12:55:03",10,20.000,0.685,0.715,14.274,LogScoringTransaction
2224,155,"2019-05-11 12:55:19",10,10.000,0.295,0.362,30.507,LogScoringTransaction
830,156,"2019-05-04 02:08:23",80,100.000,0.770,0.897,95.225,LogScoringTransaction
866,156,"2019-05-04 17:05:27",-15,0.000,0.911,0.897,16.592,LogScoringTransaction
2266,156,"2019-05-11 14:36:48",-20,0.000,0.887,0.862,22.871,LogScoringTransaction
2268,156,"2019-05-11 14:39:42",-10,0.000,0.862,0.847,11.704,LogScoringTransaction
831,164,"2019-05-04 02:08:54",-20,20.000,0.188,0.154,24.107,LogScoringTransaction
867,164,"2019-05-04 17:05:57",-15,15.000,0.234,0.202,19.175,LogScoringTransaction
2267,164,"2019-05-11 14:37:11",-20,20.000,0.293,0.240,27.256,LogScoringTransaction
2270,164,"2019-05-11 14:39:57",10,10.000,0.313,0.345,14.899,LogScoringTransaction
2271,164,"2019-05-11 14:40:14",-20,20.000,0.345,0.283,29.133,LogScoringTransaction
648,165,"2019-05-03 14:35:42",1,100.000,0.842,0.844,1.186,LogScoringTransaction
661,165,"2019-05-03 14:38:17",9,64.000,0.844,0.857,10.578,LogScoringTransaction
880,165,"2019-05-04 19:10:14",5,43.002,0.880,0.886,5.662,LogScoringTransaction
1368,165,"2019-05-06 14:38:44",3,16.951,0.870,0.874,3.441,LogScoringTransaction
2207,165,"2019-05-11 12:37:46",-1,5.511,0.724,0.721,1.385,LogScoringTransaction
649,166,"2019-05-03 14:35:52",1,99.000,0.804,0.806,1.242,LogScoringTransaction
660,166,"2019-05-03 14:38:11",9,73.000,0.806,0.823,11.049,LogScoringTransaction
881,166,"2019-05-04 19:10:26",5,38.002,0.811,0.820,6.133,LogScoringTransaction
1369,166,"2019-05-06 14:38:53",5,13.951,0.869,0.876,5.730,LogScoringTransaction
2206,166,"2019-05-11 12:37:33",-5,0.511,0.833,0.825,6.031,LogScoringTransaction
650,167,"2019-05-03 14:36:01",1,98.000,0.935,0.936,1.069,LogScoringTransaction
658,167,"2019-05-03 14:37:34",9,91.000,0.936,0.941,9.591,LogScoringTransaction
882,167,"2019-05-04 19:10:37",5,33.002,0.868,0.875,5.738,LogScoringTransaction
2208,167,"2019-05-11 12:37:58",-4,6.511,0.927,0.925,4.320,LogScoringTransaction
2209,167,"2019-05-11 12:38:14",-5,10.511,0.925,0.921,5.420,LogScoringTransaction
2210,167,"2019-05-11 12:38:28",11,15.511,0.921,0.929,11.894,LogScoringTransaction
2211,167,"2019-05-11 12:38:53",2,4.511,0.929,0.930,2.151,LogScoringTransaction
651,168,"2019-05-03 14:36:09",1,97.000,0.924,0.924,1.082,LogScoringTransaction
659,168,"2019-05-03 14:37:45",9,82.000,0.924,0.931,9.701,LogScoringTransaction
883,168,"2019-05-04 19:10:45",5,28.002,0.815,0.824,6.104,LogScoringTransaction
1372,168,"2019-05-06 14:40:23",2,2.951,0.872,0.874,2.291,LogScoringTransaction
652,169,"2019-05-03 14:36:17",1,96.000,0.670,0.673,1.488,LogScoringTransaction
664,169,"2019-05-03 14:39:35",4,55.000,0.705,0.716,5.631,LogScoringTransaction
1370,169,"2019-05-06 14:39:49",3,8.951,0.736,0.744,4.056,LogScoringTransaction
653,170,"2019-05-03 14:36:24",1,95.000,0.679,0.683,1.468,LogScoringTransaction
665,170,"2019-05-03 14:39:41",4,51.000,0.683,0.695,5.806,LogScoringTransaction
655,171,"2019-05-03 14:36:31",1,94.000,0.596,0.600,1.672,LogScoringTransaction
666,171,"2019-05-03 14:40:29",4,47.000,0.600,0.616,6.578,LogScoringTransaction
671,171,"2019-05-03 14:43:54",-6,39.001,0.616,0.590,10.708,LogScoringTransaction
885,171,"2019-05-04 19:11:23",1,20.002,0.513,0.518,2.063,LogScoringTransaction
888,171,"2019-05-04 19:11:44",-3,18.002,0.518,0.503,6.125,LogScoringTransaction
1365,171,"2019-05-06 14:37:34",7,15.002,0.799,0.820,13.546,LogScoringTransaction
1371,171,"2019-05-06 14:40:11",3,5.951,0.820,0.825,3.647,LogScoringTransaction
656,172,"2019-05-03 14:36:38",1,93.000,0.556,0.560,1.793,LogScoringTransaction
667,172,"2019-05-03 14:40:37",5,43.000,0.560,0.582,8.759,LogScoringTransaction
668,172,"2019-05-03 14:40:46",-2,38.000,0.582,0.573,3.464,LogScoringTransaction
669,172,"2019-05-03 14:41:09",-5,40.000,0.573,0.550,9.324,LogScoringTransaction
886,172,"2019-05-04 19:11:29",1,21.002,0.507,0.512,2.038,LogScoringTransaction
887,172,"2019-05-04 19:11:38",-4,22.002,0.512,0.492,8.030,LogScoringTransaction
1366,172,"2019-05-06 14:38:00",5,10.555,0.731,0.754,12.030,LogScoringTransaction
657,173,"2019-05-03 14:36:43",-1,92.000,0.440,0.435,1.777,LogScoringTransaction
670,173,"2019-05-03 14:43:19",-4,43.001,0.435,0.418,6.976,LogScoringTransaction
884,173,"2019-05-04 19:11:10",-3,23.002,0.202,0.196,3.744,LogScoringTransaction
1367,173,"2019-05-06 14:38:18",9,9.846,0.341,0.376,15.037,LogScoringTransaction
2205,173,"2019-05-11 12:36:39",-2,0.951,0.310,0.301,4.289,LogScoringTransaction
2212,173,"2019-05-11 12:39:27",-2,2.511,0.301,0.295,2.848,LogScoringTransaction
1479,174,"2019-05-06 17:15:12",20,70.000,0.886,0.907,22.308,LogScoringTransaction
1483,174,"2019-05-06 17:17:26",5,10.000,0.907,0.911,5.501,LogScoringTransaction
1480,175,"2019-05-06 17:15:23",20,50.000,0.906,0.923,21.872,LogScoringTransaction
1484,175,"2019-05-06 17:17:34",5,5.000,0.923,0.926,5.408,LogScoringTransaction
1481,176,"2019-05-06 17:16:20",10,30.000,0.863,0.876,11.495,LogScoringTransaction
1482,177,"2019-05-06 17:16:32",10,20.000,0.857,0.870,11.577,LogScoringTransaction
399,182,"2019-05-03 02:04:50",-30,100.000,0.428,0.317,47.696,LogScoringTransaction
1529,193,"2019-05-06 19:57:21",15,90.000,0.898,0.913,16.561,LogScoringTransaction
1531,194,"2019-05-06 19:58:09",9,65.000,0.894,0.903,10.015,LogScoringTransaction
1528,199,"2019-05-06 19:57:02",10,100.000,0.681,0.711,14.370,LogScoringTransaction
1530,200,"2019-05-06 19:57:40",-10,75.000,0.525,0.475,20.018,LogScoringTransaction
1820,201,"2019-05-07 22:46:12",10,45.000,0.869,0.882,11.419,LogScoringTransaction
1819,202,"2019-05-07 22:46:05",10,55.000,0.843,0.858,11.759,LogScoringTransaction
1815,203,"2019-05-07 22:43:06",10,55.000,0.882,0.894,11.260,LogScoringTransaction
1814,204,"2019-05-07 22:42:50",10,65.000,0.890,0.901,11.168,LogScoringTransaction
1816,204,"2019-05-07 22:44:57",-10,45.000,0.901,0.890,11.168,LogScoringTransaction
1823,204,"2019-05-07 22:48:06",10,10.000,0.890,0.901,11.168,LogScoringTransaction
1817,205,"2019-05-07 22:45:06",-10,55.000,0.781,0.706,39.156,LogScoringTransaction
1818,205,"2019-05-07 22:45:41",10,45.000,0.706,0.781,39.156,LogScoringTransaction
1813,207,"2019-05-07 22:42:13",10,75.000,0.731,0.757,13.434,LogScoringTransaction
1812,208,"2019-05-07 22:41:54",10,85.000,0.774,0.796,12.738,LogScoringTransaction
1811,209,"2019-05-07 22:40:25",-15,100.000,0.431,0.371,25.032,LogScoringTransaction
1821,209,"2019-05-07 22:46:58",-35,35.000,0.371,0.261,51.057,LogScoringTransaction
1822,209,"2019-05-07 22:47:47",10,0.000,0.261,0.289,13.794,LogScoringTransaction
839,237,"2019-05-04 12:07:25",1,100.000,0.897,0.898,1.115,LogScoringTransaction
840,237,"2019-05-04 12:07:40",1,99.000,0.898,0.899,1.113,LogScoringTransaction
841,237,"2019-05-04 12:08:43",8,98.000,0.899,0.907,8.863,LogScoringTransaction
855,237,"2019-05-04 12:16:24",5,15.000,0.907,0.911,5.502,LogScoringTransaction
1106,237,"2019-05-06 10:40:30",5,9.433,0.825,0.833,6.031,LogScoringTransaction
1110,237,"2019-05-06 10:44:49",5,19.433,0.833,0.841,5.971,LogScoringTransaction
1112,237,"2019-05-06 10:45:51",5,9.433,0.841,0.849,5.915,LogScoringTransaction
842,238,"2019-05-04 12:09:05",10,90.000,0.752,0.776,13.090,LogScoringTransaction
850,238,"2019-05-04 12:13:06",5,40.000,0.776,0.787,6.401,LogScoringTransaction
857,238,"2019-05-04 12:17:17",5,5.000,0.787,0.797,6.315,LogScoringTransaction
1113,238,"2019-05-06 10:46:07",4,4.433,0.842,0.849,5.243,LogScoringTransaction
843,239,"2019-05-04 12:09:23",5,80.000,0.835,0.843,5.961,LogScoringTransaction
848,239,"2019-05-04 12:12:33",5,55.000,0.843,0.850,5.906,LogScoringTransaction
851,239,"2019-05-04 12:14:57",5,35.000,0.850,0.858,5.854,LogScoringTransaction
844,240,"2019-05-04 12:09:33",5,75.000,0.785,0.795,6.330,LogScoringTransaction
847,240,"2019-05-04 12:12:26",5,60.000,0.795,0.805,6.249,LogScoringTransaction
852,240,"2019-05-04 12:15:06",5,30.000,0.805,0.815,6.173,LogScoringTransaction
1109,240,"2019-05-06 10:44:33",-5,14.433,0.873,0.866,5.751,LogScoringTransaction
846,241,"2019-05-04 12:12:14",-5,65.000,0.624,0.594,12.788,LogScoringTransaction
1104,241,"2019-05-06 10:38:42",-5,10.000,0.651,0.619,13.696,LogScoringTransaction
845,242,"2019-05-04 12:11:53",-5,70.000,0.563,0.536,11.104,LogScoringTransaction
849,243,"2019-05-04 12:12:56",10,50.000,0.461,0.513,20.532,LogScoringTransaction
1107,243,"2019-05-06 10:43:06",-5,4.433,0.705,0.690,7.172,LogScoringTransaction
1108,243,"2019-05-06 10:43:42",-5,9.433,0.690,0.674,7.335,LogScoringTransaction
853,244,"2019-05-04 12:15:38",5,25.000,0.455,0.482,10.679,LogScoringTransaction
856,244,"2019-05-04 12:16:40",5,10.000,0.482,0.507,10.118,LogScoringTransaction
1103,244,"2019-05-06 10:35:06",-5,5.000,0.673,0.657,7.519,LogScoringTransaction
854,245,"2019-05-04 12:16:09",5,20.000,0.195,0.234,23.336,LogScoringTransaction
1102,245,"2019-05-06 10:34:30",-5,0.000,0.445,0.416,11.611,LogScoringTransaction
1105,245,"2019-05-06 10:39:07",-5,5.000,0.416,0.387,12.188,LogScoringTransaction
1111,245,"2019-05-06 10:45:03",-5,14.433,0.387,0.368,8.034,LogScoringTransaction
1327,246,"2019-05-06 14:09:28",10,30.000,0.816,0.833,12.129,LogScoringTransaction
1328,247,"2019-05-06 14:09:38",10,20.000,0.805,0.824,12.276,LogScoringTransaction
1074,248,"2019-05-06 09:43:02",10,50.000,0.837,0.853,11.831,LogScoringTransaction
1075,249,"2019-05-06 09:43:11",10,40.000,0.859,0.873,11.547,LogScoringTransaction
1329,249,"2019-05-06 14:10:56",10,10.000,0.799,0.818,12.366,LogScoringTransaction
1070,252,"2019-05-06 09:41:29",10,100.000,0.639,0.674,15.230,LogScoringTransaction
1072,252,"2019-05-06 09:42:21",10,75.000,0.674,0.705,14.507,LogScoringTransaction
1071,253,"2019-05-06 09:41:48",15,90.000,0.559,0.620,25.424,LogScoringTransaction
1073,253,"2019-05-06 09:42:31",15,65.000,0.620,0.673,23.177,LogScoringTransaction
938,255,"2019-05-06 06:42:17",20,50.000,0.845,0.873,23.268,LogScoringTransaction
937,256,"2019-05-06 06:42:10",20,70.000,0.820,0.853,23.904,LogScoringTransaction
935,261,"2019-05-06 06:40:38",10,90.000,0.503,0.550,19.002,LogScoringTransaction
936,262,"2019-05-06 06:40:51",10,80.000,0.445,0.498,21.214,LogScoringTransaction
1018,262,"2019-05-06 08:49:30",10,10.000,0.461,0.513,20.533,LogScoringTransaction
934,263,"2019-05-06 06:39:05",10,100.000,0.172,0.251,47.743,LogScoringTransaction
939,263,"2019-05-06 06:42:35",20,30.000,0.251,0.387,63.299,LogScoringTransaction
354,266,"2019-05-02 21:18:08",100,100.000,0.896,0.962,107.082,LogScoringTransaction
1862,282,"2019-05-08 15:56:22",-20,20.000,0.882,0.722,105.588,LogScoringTransaction
1860,283,"2019-05-08 15:56:00",-20,40.000,0.858,0.702,93.879,LogScoringTransaction
1857,288,"2019-05-08 15:54:29",20,100.000,0.718,0.769,26.887,LogScoringTransaction
1858,289,"2019-05-08 15:54:51",20,80.000,0.705,0.758,27.312,LogScoringTransaction
1859,290,"2019-05-08 15:55:18",20,60.000,0.311,0.436,53.747,LogScoringTransaction
568,300,"2019-05-03 10:15:22",-10,76.000,0.903,0.817,73.368,LogScoringTransaction
1044,300,"2019-05-06 09:28:32",-10,47.000,0.912,0.825,78.339,LogScoringTransaction
566,301,"2019-05-03 10:15:15",-10,86.000,0.871,0.788,59.524,LogScoringTransaction
1061,301,"2019-05-06 09:31:10",-5,8.738,0.885,0.842,36.914,LogScoringTransaction
570,302,"2019-05-03 10:15:37",-1,66.000,0.993,0.983,92.081,LogScoringTransaction
581,302,"2019-05-03 10:22:03",-1,58.000,0.983,0.974,47.490,LogScoringTransaction
1043,302,"2019-05-06 09:28:18",-10,57.000,0.925,0.837,88.004,LogScoringTransaction
571,303,"2019-05-03 10:15:45",-1,65.000,0.937,0.927,14.752,LogScoringTransaction
1063,303,"2019-05-06 09:31:28",-3,3.738,0.892,0.859,30.202,LogScoringTransaction
563,304,"2019-05-03 10:09:48",1,78.000,0.629,0.633,1.585,LogScoringTransaction
572,304,"2019-05-03 10:15:56",-1,64.000,0.633,0.629,1.585,LogScoringTransaction
573,304,"2019-05-03 10:16:15",-2,65.000,0.629,0.617,5.306,LogScoringTransaction
1046,304,"2019-05-06 09:29:05",-1,27.000,0.657,0.651,2.890,LogScoringTransaction
562,305,"2019-05-03 10:09:41",1,79.000,0.697,0.700,1.432,LogScoringTransaction
1048,305,"2019-05-06 09:29:14",-4,26.000,0.609,0.586,9.178,LogScoringTransaction
1833,305,"2019-05-08 07:30:59",4,0.082,0.706,0.728,10.922,LogScoringTransaction
1834,305,"2019-05-08 07:31:26",-2,0.000,0.728,0.722,2.759,LogScoringTransaction
561,306,"2019-05-03 10:09:35",1,80.000,0.615,0.619,1.620,LogScoringTransaction
1050,306,"2019-05-06 09:29:29",-5,23.738,0.621,0.593,11.739,LogScoringTransaction
1056,306,"2019-05-06 09:30:21",5,10.743,0.593,0.621,11.739,LogScoringTransaction
1058,306,"2019-05-06 09:30:41",5,13.738,0.621,0.639,7.935,LogScoringTransaction
1162,306,"2019-05-06 11:49:46",-13,0.000,0.719,0.657,28.912,LogScoringTransaction
559,307,"2019-05-03 10:09:24",1,81.000,0.618,0.622,1.613,LogScoringTransaction
1052,307,"2019-05-06 09:29:51",10,20.743,0.513,0.559,18.660,LogScoringTransaction
1163,307,"2019-05-06 11:50:06",-29,0.555,0.724,0.589,60.789,LogScoringTransaction
1838,307,"2019-05-08 07:32:34",4,0.000,0.796,0.828,21.304,LogScoringTransaction
554,308,"2019-05-03 10:06:05",1,100.000,0.385,0.391,2.576,LogScoringTransaction
555,308,"2019-05-03 10:07:06",9,99.000,0.391,0.444,21.568,LogScoringTransaction
556,308,"2019-05-03 10:07:31",9,90.000,0.444,0.492,19.250,LogScoringTransaction
564,308,"2019-05-03 10:10:30",-9,77.000,0.492,0.444,19.250,LogScoringTransaction
575,308,"2019-05-03 10:16:53",5,63.000,0.401,0.431,12.020,LogScoringTransaction
1045,308,"2019-05-06 09:28:49",10,37.000,0.387,0.445,24.068,LogScoringTransaction
1835,308,"2019-05-08 07:31:51",-30,2.000,0.289,0.155,79.457,LogScoringTransaction
1836,308,"2019-05-08 07:32:06",32,0.020,0.155,0.303,86.214,LogScoringTransaction
1840,308,"2019-05-08 07:32:41",4,4.000,0.303,0.330,12.636,LogScoringTransaction
186,309,"2019-05-02 18:07:52",4,100.000,0.749,0.759,5.304,LogScoringTransaction
187,309,"2019-05-02 18:11:52",5,96.000,0.759,0.771,6.536,LogScoringTransaction
192,309,"2019-05-02 18:13:44",10,73.000,0.771,0.793,12.790,LogScoringTransaction
200,309,"2019-05-02 18:15:03",5,8.000,0.793,0.803,6.268,LogScoringTransaction
188,310,"2019-05-02 18:12:08",5,91.000,0.757,0.768,6.557,LogScoringTransaction
193,310,"2019-05-02 18:13:54",10,63.000,0.768,0.791,12.826,LogScoringTransaction
199,310,"2019-05-02 18:14:59",5,13.000,0.791,0.801,6.284,LogScoringTransaction
190,311,"2019-05-02 18:12:59",4,81.000,0.854,0.860,4.669,LogScoringTransaction
194,311,"2019-05-02 18:14:04",10,53.000,0.860,0.873,11.543,LogScoringTransaction
198,311,"2019-05-02 18:14:46",5,18.000,0.873,0.879,5.707,LogScoringTransaction
191,312,"2019-05-02 18:13:06",4,77.000,0.862,0.868,4.624,LogScoringTransaction
195,312,"2019-05-02 18:14:10",10,43.000,0.868,0.880,11.440,LogScoringTransaction
197,312,"2019-05-02 18:14:42",5,23.000,0.880,0.886,5.661,LogScoringTransaction
189,317,"2019-05-02 18:12:36",5,86.000,0.315,0.348,15.095,LogScoringTransaction
196,317,"2019-05-02 18:14:26",10,33.000,0.348,0.410,26.401,LogScoringTransaction
201,317,"2019-05-02 18:15:11",3,3.000,0.410,0.428,7.163,LogScoringTransaction
403,318,"2019-05-03 02:51:26",9,100.000,0.782,0.800,11.376,LogScoringTransaction
410,318,"2019-05-03 02:52:52",1,31.000,0.800,0.802,1.248,LogScoringTransaction
411,319,"2019-05-03 02:53:03",10,30.000,0.783,0.803,12.610,LogScoringTransaction
404,320,"2019-05-03 02:51:52",10,91.000,0.982,0.984,10.175,LogScoringTransaction
405,321,"2019-05-03 02:52:03",10,81.000,0.885,0.896,11.231,LogScoringTransaction
412,322,"2019-05-03 02:53:12",10,20.000,0.529,0.574,18.143,LogScoringTransaction
406,323,"2019-05-03 02:52:10",10,71.000,0.618,0.655,15.711,LogScoringTransaction
409,324,"2019-05-03 02:52:41",10,41.000,0.510,0.556,18.762,LogScoringTransaction
407,325,"2019-05-03 02:52:18",10,61.000,0.502,0.549,19.032,LogScoringTransaction
408,326,"2019-05-03 02:52:26",10,51.000,0.317,0.382,28.672,LogScoringTransaction
413,326,"2019-05-03 02:54:08",10,10.000,0.382,0.441,24.333,LogScoringTransaction
414,326,"2019-05-03 02:55:03",-2,0.000,0.441,0.429,4.598,LogScoringTransaction
415,326,"2019-05-03 02:55:50",2,2.000,0.429,0.441,4.598,LogScoringTransaction
90,329,"2019-05-02 16:27:23",50,100.000,0.712,0.825,64.801,LogScoringTransaction
102,330,"2019-05-02 16:31:41",50,50.000,0.752,0.849,62.219,LogScoringTransaction
1562,337,"2019-05-06 22:43:58",10,50.000,0.826,0.842,11.988,LogScoringTransaction
1561,338,"2019-05-06 22:43:50",20,70.000,0.903,0.921,21.924,LogScoringTransaction
1559,339,"2019-05-06 22:43:18",10,100.000,0.890,0.901,11.166,LogScoringTransaction
1565,340,"2019-05-06 22:44:35",10,10.000,0.643,0.677,15.148,LogScoringTransaction
1560,342,"2019-05-06 22:43:34",20,90.000,0.649,0.712,29.361,LogScoringTransaction
1563,343,"2019-05-06 22:44:12",10,40.000,0.711,0.738,13.796,LogScoringTransaction
1564,344,"2019-05-06 22:44:22",20,30.000,0.475,0.571,38.232,LogScoringTransaction
742,347,"2019-05-03 17:37:09",10,100.000,0.817,0.835,12.105,LogScoringTransaction
1380,348,"2019-05-06 14:55:41",10,80.000,0.874,0.886,11.358,LogScoringTransaction
1381,349,"2019-05-06 14:59:35",-10,70.000,0.744,0.673,34.372,LogScoringTransaction
1379,353,"2019-05-06 14:53:49",10,90.000,0.376,0.435,24.665,LogScoringTransaction
520,354,"2019-05-03 09:15:14",10,80.000,0.854,0.868,11.618,LogScoringTransaction
992,354,"2019-05-06 08:30:56",7,17.000,0.879,0.888,7.923,LogScoringTransaction
521,355,"2019-05-03 09:15:28",10,70.000,0.825,0.842,11.992,LogScoringTransaction
993,355,"2019-05-06 08:31:02",5,10.000,0.853,0.860,5.840,LogScoringTransaction
516,356,"2019-05-03 09:13:56",41,100.000,0.989,0.992,41.387,LogScoringTransaction
517,356,"2019-05-03 09:14:03",1,59.000,0.992,0.993,1.008,LogScoringTransaction
518,356,"2019-05-03 09:14:32",-32,58.000,0.993,0.990,32.285,LogScoringTransaction
527,356,"2019-05-03 09:16:50",10,25.000,0.990,0.991,10.099,LogScoringTransaction
994,356,"2019-05-06 08:31:08",5,5.000,0.857,0.864,5.809,LogScoringTransaction
519,357,"2019-05-03 09:14:47",10,90.000,0.906,0.915,10.986,LogScoringTransaction
528,357,"2019-05-03 09:16:59",10,15.000,0.915,0.923,10.884,LogScoringTransaction
522,358,"2019-05-03 09:15:39",5,60.000,0.598,0.618,8.221,LogScoringTransaction
984,358,"2019-05-06 08:29:50",-3,0.000,0.594,0.581,5.106,LogScoringTransaction
523,359,"2019-05-03 09:15:52",5,55.000,0.671,0.687,7.359,LogScoringTransaction
985,359,"2019-05-06 08:29:59",-3,3.000,0.536,0.522,5.672,LogScoringTransaction
524,360,"2019-05-03 09:16:04",10,50.000,0.551,0.593,17.477,LogScoringTransaction
530,360,"2019-05-03 09:17:32",2,2.500,0.593,0.604,4.177,LogScoringTransaction
988,360,"2019-05-06 08:30:09",3,6.000,0.550,0.563,5.390,LogScoringTransaction
989,360,"2019-05-06 08:30:27",-7,3.000,0.563,0.532,12.788,LogScoringTransaction
525,361,"2019-05-03 09:16:11",10,40.000,0.554,0.597,17.376,LogScoringTransaction
529,361,"2019-05-03 09:17:23",2,5.000,0.597,0.607,4.155,LogScoringTransaction
991,361,"2019-05-06 08:30:35",-7,10.000,0.498,0.461,14.595,LogScoringTransaction
526,362,"2019-05-03 09:16:25",5,30.000,0.230,0.268,20.123,LogScoringTransaction
545,363,"2019-05-03 10:01:57",20,100.000,0.881,0.903,22.411,LogScoringTransaction
547,364,"2019-05-03 10:02:37",20,60.000,0.842,0.871,23.343,LogScoringTransaction
546,365,"2019-05-03 10:02:13",20,80.000,0.992,0.993,20.148,LogScoringTransaction
548,366,"2019-05-03 10:02:45",20,40.000,0.923,0.937,21.506,LogScoringTransaction
549,367,"2019-05-03 10:03:12",3,20.000,0.618,0.629,4.811,LogScoringTransaction
550,368,"2019-05-03 10:03:16",3,17.000,0.687,0.697,4.335,LogScoringTransaction
551,369,"2019-05-03 10:03:19",3,14.000,0.604,0.615,4.923,LogScoringTransaction
552,370,"2019-05-03 10:03:22",3,11.000,0.607,0.618,4.899,LogScoringTransaction
553,371,"2019-05-03 10:03:28",8,8.000,0.334,0.385,22.269,LogScoringTransaction
1869,381,"2019-05-08 16:09:11",25,70.000,0.722,0.784,33.173,LogScoringTransaction
1870,382,"2019-05-08 16:09:16",25,45.000,0.702,0.768,33.963,LogScoringTransaction
1865,383,"2019-05-08 16:08:11",10,100.000,0.894,0.904,11.126,LogScoringTransaction
1872,383,"2019-05-08 16:09:57",10,10.000,0.904,0.913,11.008,LogScoringTransaction
1866,384,"2019-05-08 16:08:27",10,90.000,0.879,0.890,11.306,LogScoringTransaction
1871,384,"2019-05-08 16:09:53",10,20.000,0.890,0.901,11.168,LogScoringTransaction
1867,387,"2019-05-08 16:08:39",-5,80.000,0.769,0.731,20.037,LogScoringTransaction
1868,388,"2019-05-08 16:08:45",-5,75.000,0.758,0.721,19.248,LogScoringTransaction
1008,390,"2019-05-06 08:40:09",10,100.000,0.902,0.912,11.026,LogScoringTransaction
1009,391,"2019-05-06 08:40:27",10,90.000,0.873,0.885,11.374,LogScoringTransaction
1010,392,"2019-05-06 08:40:52",30,80.000,0.899,0.925,32.858,LogScoringTransaction
1011,393,"2019-05-06 08:41:00",30,50.000,0.854,0.892,34.329,LogScoringTransaction
1012,396,"2019-05-06 08:41:22",20,20.000,0.537,0.621,34.529,LogScoringTransaction
1193,399,"2019-05-06 12:51:57",1,100.000,0.904,0.905,1.106,LogScoringTransaction
1195,400,"2019-05-06 12:52:46",1,98.000,0.902,0.903,1.108,LogScoringTransaction
1194,401,"2019-05-06 12:52:20",1,99.000,0.933,0.934,1.071,LogScoringTransaction
254,408,"2019-05-02 18:39:10",15,100.000,0.838,0.861,17.648,LogScoringTransaction
255,409,"2019-05-02 18:39:20",15,85.000,0.837,0.860,17.679,LogScoringTransaction
257,410,"2019-05-02 18:39:34",15,70.000,0.906,0.919,16.437,LogScoringTransaction
258,411,"2019-05-02 18:39:47",15,55.000,0.759,0.792,19.339,LogScoringTransaction
260,412,"2019-05-02 18:40:05",10,40.000,0.469,0.519,20.248,LogScoringTransaction
262,413,"2019-05-02 18:40:21",10,30.000,0.546,0.589,17.617,LogScoringTransaction
910,415,"2019-05-05 21:19:08",-10,10.000,0.492,0.445,18.810,LogScoringTransaction
908,416,"2019-05-05 21:17:25",10,20.000,0.190,0.267,44.064,LogScoringTransaction
909,416,"2019-05-05 21:17:50",-20,10.000,0.267,0.172,56.271,LogScoringTransaction
1744,417,"2019-05-07 18:33:16",-2,100.000,0.914,0.896,21.109,LogScoringTransaction
1753,417,"2019-05-07 18:38:02",-3,72.000,0.896,0.869,25.671,LogScoringTransaction
1887,417,"2019-05-08 17:49:09",4,64.000,0.784,0.815,19.982,LogScoringTransaction
2190,417,"2019-05-11 07:20:10",-3,66.000,0.849,0.824,18.366,LogScoringTransaction
2395,417,"2019-05-12 04:27:51",2,59.763,0.811,0.828,11.093,LogScoringTransaction
1745,418,"2019-05-07 18:33:49",-2,98.000,0.877,0.860,15.233,LogScoringTransaction
1754,418,"2019-05-07 18:38:39",-2,69.000,0.860,0.843,13.466,LogScoringTransaction
1888,418,"2019-05-08 17:49:34",4,68.000,0.768,0.799,18.527,LogScoringTransaction
2191,418,"2019-05-11 07:21:56",-4,63.000,0.849,0.816,23.939,LogScoringTransaction
1746,419,"2019-05-07 18:34:17",-3,96.000,0.937,0.909,39.446,LogScoringTransaction
1755,419,"2019-05-07 18:38:59",-3,67.000,0.909,0.882,28.959,LogScoringTransaction
1889,419,"2019-05-08 17:50:15",-4,72.000,0.913,0.877,38.435,LogScoringTransaction
1747,420,"2019-05-07 18:34:37",-4,93.000,0.926,0.890,44.151,LogScoringTransaction
1890,420,"2019-05-08 17:50:26",-2,68.000,0.901,0.883,18.501,LogScoringTransaction
1748,421,"2019-05-07 18:34:51",2,89.000,0.776,0.781,2.570,LogScoringTransaction
2394,421,"2019-05-12 04:26:48",-3,59.000,0.735,0.721,6.645,LogScoringTransaction
1749,422,"2019-05-07 18:35:16",3,87.000,0.697,0.706,4.279,LogScoringTransaction
1750,423,"2019-05-07 18:35:29",4,84.000,0.721,0.731,5.509,LogScoringTransaction
1751,424,"2019-05-07 18:35:48",4,80.000,0.806,0.814,4.938,LogScoringTransaction
1752,425,"2019-05-07 18:37:38",-4,76.000,0.449,0.431,7.141,LogScoringTransaction
1975,444,"2019-05-09 11:58:49",10,100.000,0.841,0.856,11.781,LogScoringTransaction
1977,445,"2019-05-09 12:00:15",10,90.000,0.819,0.836,12.087,LogScoringTransaction
1978,446,"2019-05-09 12:00:37",10,80.000,0.899,0.909,11.059,LogScoringTransaction
1987,446,"2019-05-09 12:03:41",9,9.000,0.909,0.917,9.858,LogScoringTransaction
1980,447,"2019-05-09 12:01:31",20,70.000,0.894,0.913,22.128,LogScoringTransaction
1981,448,"2019-05-09 12:01:47",7,50.000,0.735,0.753,9.412,LogScoringTransaction
1982,449,"2019-05-09 12:02:05",7,43.000,0.646,0.670,10.636,LogScoringTransaction
1984,450,"2019-05-09 12:02:34",10,36.000,0.744,0.769,13.214,LogScoringTransaction
1985,451,"2019-05-09 12:03:04",10,26.000,0.797,0.817,12.390,LogScoringTransaction
1986,452,"2019-05-09 12:03:17",7,16.000,0.394,0.435,16.876,LogScoringTransaction
1427,508,"2019-05-06 16:39:05",49,49.000,0.876,0.924,54.348,LogScoringTransaction
1425,515,"2019-05-06 16:38:30",51,100.000,0.403,0.642,97.420,LogScoringTransaction
1123,516,"2019-05-06 11:29:10",15,100.000,0.849,0.870,17.443,LogScoringTransaction
1124,517,"2019-05-06 11:29:23",15,85.000,0.849,0.870,17.450,LogScoringTransaction
1125,518,"2019-05-06 11:29:32",15,70.000,0.853,0.873,17.375,LogScoringTransaction
1126,519,"2019-05-06 11:29:40",15,55.000,0.866,0.885,17.130,LogScoringTransaction
1131,521,"2019-05-06 11:32:23",-8,8.000,0.586,0.541,18.348,LogScoringTransaction
1129,522,"2019-05-06 11:31:41",10,30.000,0.674,0.705,14.507,LogScoringTransaction
1130,523,"2019-05-06 11:31:52",12,20.000,0.657,0.695,17.746,LogScoringTransaction
1128,524,"2019-05-06 11:31:04",10,40.000,0.368,0.428,25.122,LogScoringTransaction
398,527,"2019-05-03 02:00:02",75,75.000,0.962,0.982,77.078,LogScoringTransaction
397,528,"2019-05-03 01:59:47",25,100.000,0.852,0.885,28.768,LogScoringTransaction
2047,538,"2019-05-09 20:21:10",-5,25.000,0.780,0.742,20.988,LogScoringTransaction
2046,539,"2019-05-09 20:21:04",-5,30.000,0.670,0.637,14.444,LogScoringTransaction
582,540,"2019-05-03 10:24:32",-10,90.000,0.619,0.560,24.380,LogScoringTransaction
2048,540,"2019-05-09 20:21:28",-10,20.000,0.769,0.696,37.494,LogScoringTransaction
583,541,"2019-05-03 10:24:42",-10,80.000,0.622,0.563,24.549,LogScoringTransaction
2049,541,"2019-05-09 20:21:36",-10,10.000,0.778,0.704,38.781,LogScoringTransaction
574,542,"2019-05-03 10:16:36",-10,100.000,0.444,0.401,17.314,LogScoringTransaction
680,542,"2019-05-03 16:25:17",-10,70.000,0.402,0.363,16.193,LogScoringTransaction
2045,542,"2019-05-09 20:20:44",-30,60.000,0.435,0.323,48.219,LogScoringTransaction
61,552,"2019-05-02 16:11:13",1,99.000,0.648,0.651,1.540,LogScoringTransaction
65,552,"2019-05-02 16:12:17",4,88.000,0.651,0.665,6.079,LogScoringTransaction
70,552,"2019-05-02 16:13:49",10,69.000,0.665,0.697,14.686,LogScoringTransaction
161,552,"2019-05-02 17:16:03",2,22.000,0.744,0.749,2.679,LogScoringTransaction
62,553,"2019-05-02 16:11:31",5,98.000,0.630,0.648,7.829,LogScoringTransaction
69,553,"2019-05-02 16:13:35",10,79.000,0.648,0.681,15.048,LogScoringTransaction
158,553,"2019-05-02 17:11:39",3,30.000,0.726,0.734,4.111,LogScoringTransaction
159,553,"2019-05-02 17:15:07",3,27.000,0.734,0.742,4.067,LogScoringTransaction
168,553,"2019-05-02 17:19:38",3,18.000,0.742,0.749,4.025,LogScoringTransaction
174,553,"2019-05-02 17:26:27",3,6.000,0.749,0.757,3.984,LogScoringTransaction
74,554,"2019-05-02 16:14:49",1,58.000,0.703,0.706,1.420,LogScoringTransaction
85,554,"2019-05-02 16:22:17",2,57.000,0.706,0.712,2.822,LogScoringTransaction
94,554,"2019-05-02 16:29:15",7,55.000,0.825,0.837,8.424,LogScoringTransaction
126,554,"2019-05-02 16:42:09",5,46.000,0.837,0.845,5.946,LogScoringTransaction
147,554,"2019-05-02 17:00:28",1,36.000,0.852,0.854,1.172,LogScoringTransaction
724,554,"2019-05-03 17:08:13",2,2.631,0.794,0.798,2.512,LogScoringTransaction
64,555,"2019-05-02 16:11:44",5,93.000,0.726,0.739,6.828,LogScoringTransaction
68,555,"2019-05-02 16:13:21",5,84.000,0.739,0.752,6.708,LogScoringTransaction
128,555,"2019-05-02 16:42:16",5,41.000,0.849,0.857,5.861,LogScoringTransaction
148,555,"2019-05-02 17:00:35",1,35.000,0.857,0.858,1.166,LogScoringTransaction
157,555,"2019-05-02 17:11:17",3,33.000,0.858,0.862,3.487,LogScoringTransaction
730,555,"2019-05-03 17:09:19",3,3.631,0.801,0.807,3.730,LogScoringTransaction
175,556,"2019-05-02 17:27:26",3,3.000,0.452,0.469,6.515,LogScoringTransaction
284,556,"2019-05-02 19:19:33",1,1.000,0.519,0.524,1.917,LogScoringTransaction
286,556,"2019-05-02 19:20:34",1,1.000,0.524,0.529,1.900,LogScoringTransaction
156,557,"2019-05-02 17:10:45",1,34.000,0.548,0.552,1.819,LogScoringTransaction
160,557,"2019-05-02 17:15:31",2,24.000,0.552,0.561,3.594,LogScoringTransaction
169,557,"2019-05-02 17:24:20",3,15.000,0.561,0.574,5.287,LogScoringTransaction
162,558,"2019-05-02 17:16:35",-2,20.000,0.476,0.466,3.780,LogScoringTransaction
171,558,"2019-05-02 17:25:58",-3,9.000,0.466,0.452,5.548,LogScoringTransaction
283,558,"2019-05-02 19:19:22",1,0.000,0.505,0.510,2.029,LogScoringTransaction
723,558,"2019-05-03 17:07:50",3,0.000,0.606,0.624,7.595,LogScoringTransaction
72,559,"2019-05-02 16:14:05",-1,59.000,0.495,0.490,1.971,LogScoringTransaction
106,559,"2019-05-02 16:32:38",-1,47.000,0.490,0.485,1.952,LogScoringTransaction
170,559,"2019-05-02 17:25:41",-3,12.000,0.485,0.471,5.748,LogScoringTransaction
285,559,"2019-05-02 19:20:26",1,0.000,0.497,0.502,1.997,LogScoringTransaction
729,559,"2019-05-03 17:09:08",3,0.631,0.539,0.556,6.629,LogScoringTransaction
56,560,"2019-05-02 16:09:42",-1,100.000,0.401,0.397,1.665,LogScoringTransaction
103,560,"2019-05-02 16:31:54",-1,48.000,0.479,0.475,1.912,LogScoringTransaction
134,561,"2019-05-02 16:48:07",-10,75.000,0.717,0.649,31.623,LogScoringTransaction
135,561,"2019-05-02 16:48:13",10,65.000,0.649,0.717,31.623,LogScoringTransaction
136,561,"2019-05-02 16:48:19",10,75.000,0.717,0.744,13.683,LogScoringTransaction
146,562,"2019-05-02 16:59:34",5,20.000,0.712,0.726,6.958,LogScoringTransaction
143,563,"2019-05-02 16:53:48",5,45.000,0.845,0.852,5.892,LogScoringTransaction
145,565,"2019-05-02 16:54:28",-10,30.000,0.500,0.452,19.090,LogScoringTransaction
144,566,"2019-05-02 16:54:14",10,40.000,0.500,0.548,19.090,LogScoringTransaction
121,567,"2019-05-02 16:39:27",-5,100.000,0.500,0.476,9.762,LogScoringTransaction
615,567,"2019-05-03 12:42:09",-10,10.000,0.560,0.507,21.439,LogScoringTransaction
417,568,"2019-05-03 03:18:46",5,15.000,0.549,0.571,8.927,LogScoringTransaction
124,569,"2019-05-02 16:41:03",-20,95.000,0.469,0.384,34.874,LogScoringTransaction
142,569,"2019-05-02 16:53:21",-20,65.000,0.384,0.315,30.720,LogScoringTransaction
1525,579,"2019-05-06 19:16:04",10,20.000,0.901,0.911,11.035,LogScoringTransaction
1526,580,"2019-05-06 19:16:12",10,10.000,0.888,0.898,11.195,LogScoringTransaction
1523,581,"2019-05-06 19:14:56",40,100.000,0.842,0.894,46.004,LogScoringTransaction
1524,582,"2019-05-06 19:15:12",40,60.000,0.836,0.890,46.251,LogScoringTransaction
515,588,"2019-05-03 09:06:24",20,20.000,0.821,0.854,23.870,LogScoringTransaction
512,590,"2019-05-03 09:04:10",20,100.000,0.986,0.989,20.256,LogScoringTransaction
1415,590,"2019-05-06 16:33:10",-33,0.000,0.881,0.735,97.711,LogScoringTransaction
1416,590,"2019-05-06 16:33:29",33,2.228,0.735,0.881,97.711,LogScoringTransaction
513,596,"2019-05-03 09:04:51",-50,80.000,0.419,0.254,74.989,LogScoringTransaction
514,596,"2019-05-03 09:05:27",-10,30.000,0.254,0.230,13.192,LogScoringTransaction
1413,606,"2019-05-06 16:31:59",-1,100.000,0.885,0.876,8.359,LogScoringTransaction
1414,606,"2019-05-06 16:32:15",1,99.000,0.876,0.885,8.359,LogScoringTransaction
1446,606,"2019-05-06 16:58:29",1,91.922,0.885,0.886,1.130,LogScoringTransaction
1492,606,"2019-05-06 17:51:56",-1,36.922,0.911,0.910,1.098,LogScoringTransaction
1494,606,"2019-05-06 17:52:45",-1,36.922,0.910,0.901,10.346,LogScoringTransaction
1439,607,"2019-05-06 16:43:40",-2,96.000,0.924,0.906,23.546,LogScoringTransaction
1493,607,"2019-05-06 17:52:19",-1,37.922,0.926,0.917,12.815,LogScoringTransaction
1497,607,"2019-05-06 17:54:20",-1,25.980,0.917,0.908,11.466,LogScoringTransaction
1438,608,"2019-05-06 16:43:02",-1,97.000,0.881,0.872,8.092,LogScoringTransaction
1447,608,"2019-05-06 16:59:05",-1,90.922,0.872,0.863,7.558,LogScoringTransaction
1501,608,"2019-05-06 17:56:19",-4,14.980,0.876,0.842,28.516,LogScoringTransaction
1448,609,"2019-05-06 16:59:17",-1,89.922,0.874,0.865,7.685,LogScoringTransaction
1453,609,"2019-05-06 17:03:27",-1,77.922,0.865,0.857,7.206,LogScoringTransaction
1502,609,"2019-05-06 17:56:29",-4,10.980,0.870,0.836,27.394,LogScoringTransaction
1449,610,"2019-05-06 16:59:56",5,88.922,0.585,0.606,8.397,LogScoringTransaction
1495,610,"2019-05-06 17:53:25",5,35.980,0.606,0.625,8.128,LogScoringTransaction
1498,610,"2019-05-06 17:55:14",5,24.980,0.625,0.643,7.887,LogScoringTransaction
1450,611,"2019-05-06 17:00:10",2,83.922,0.624,0.631,3.187,LogScoringTransaction
1457,611,"2019-05-06 17:04:39",-2,76.922,0.631,0.624,3.187,LogScoringTransaction
1458,611,"2019-05-06 17:05:09",2,78.922,0.624,0.631,3.187,LogScoringTransaction
1490,611,"2019-05-06 17:50:25",3,49.922,0.631,0.642,4.711,LogScoringTransaction
1496,611,"2019-05-06 17:53:35",5,30.980,0.642,0.660,7.680,LogScoringTransaction
1499,611,"2019-05-06 17:55:23",-5,19.980,0.660,0.642,7.680,LogScoringTransaction
1500,611,"2019-05-06 17:55:32",10,24.980,0.642,0.676,15.165,LogScoringTransaction
1417,612,"2019-05-06 16:34:00",1,100.000,0.817,0.819,1.223,LogScoringTransaction
1433,612,"2019-05-06 16:41:02",1,99.000,0.787,0.789,1.269,LogScoringTransaction
1440,612,"2019-05-06 16:44:29",-1,94.000,0.789,0.787,1.269,LogScoringTransaction
1441,612,"2019-05-06 16:44:43",-1,95.000,0.787,0.784,1.404,LogScoringTransaction
1442,612,"2019-05-06 16:45:02",-1,95.922,0.784,0.777,4.556,LogScoringTransaction
1451,612,"2019-05-06 17:01:02",-1,81.922,0.777,0.769,4.400,LogScoringTransaction
1462,612,"2019-05-06 17:06:05",-10,69.922,0.769,0.696,37.499,LogScoringTransaction
1507,612,"2019-05-06 18:12:52",-6,6.980,0.696,0.649,21.314,LogScoringTransaction
1436,613,"2019-05-06 16:42:01",-1,98.000,0.783,0.775,4.524,LogScoringTransaction
1452,613,"2019-05-06 17:01:13",-3,80.922,0.775,0.752,12.697,LogScoringTransaction
1463,613,"2019-05-06 17:06:16",-10,59.922,0.752,0.681,35.369,LogScoringTransaction
332,614,"2019-05-02 20:49:02",1,100.000,0.428,0.433,2.323,LogScoringTransaction
333,614,"2019-05-02 20:49:09",-1,99.000,0.433,0.428,2.323,LogScoringTransaction
1443,614,"2019-05-06 16:45:49",-1,94.922,0.642,0.635,2.767,LogScoringTransaction
1445,614,"2019-05-06 16:57:57",-2,93.922,0.635,0.623,5.392,LogScoringTransaction
1459,614,"2019-05-06 17:05:37",-7,76.922,0.623,0.581,17.583,LogScoringTransaction
1491,614,"2019-05-06 17:51:09",-10,46.922,0.581,0.525,22.380,LogScoringTransaction
483,615,"2019-05-03 08:15:36",8,100.000,0.802,0.818,9.875,LogScoringTransaction
499,615,"2019-05-03 08:18:39",2,44.000,0.818,0.821,2.441,LogScoringTransaction
540,615,"2019-05-03 09:35:23",6,32.000,0.868,0.875,6.885,LogScoringTransaction
541,615,"2019-05-03 09:36:24",3,26.000,0.875,0.879,3.420,LogScoringTransaction
542,615,"2019-05-03 09:36:51",2,23.000,0.879,0.881,2.272,LogScoringTransaction
1005,615,"2019-05-06 08:39:28",-1,8.000,0.903,0.902,1.108,LogScoringTransaction
485,616,"2019-05-03 08:15:51",8,92.000,0.803,0.818,9.866,LogScoringTransaction
500,616,"2019-05-03 08:18:45",4,42.000,0.818,0.825,4.867,LogScoringTransaction
486,617,"2019-05-03 08:16:03",8,84.000,0.984,0.985,8.128,LogScoringTransaction
487,617,"2019-05-03 08:16:14",2,76.000,0.985,0.985,2.030,LogScoringTransaction
501,617,"2019-05-03 08:18:54",6,38.000,0.985,0.986,6.087,LogScoringTransaction
544,617,"2019-05-03 09:37:56",4,20.000,0.992,0.992,4.033,LogScoringTransaction
488,618,"2019-05-03 08:16:29",10,74.000,0.896,0.906,11.101,LogScoringTransaction
899,618,"2019-05-05 16:25:48",6,16.000,0.824,0.834,7.239,LogScoringTransaction
1006,618,"2019-05-06 08:39:46",3,9.000,0.850,0.854,3.521,LogScoringTransaction
492,619,"2019-05-03 08:17:32",6,55.000,0.574,0.598,10.239,LogScoringTransaction
494,620,"2019-05-03 08:17:39",5,49.000,0.655,0.671,7.541,LogScoringTransaction
900,620,"2019-05-05 16:41:31",-2,10.000,0.536,0.527,3.764,LogScoringTransaction
901,620,"2019-05-05 16:42:11",2,12.000,0.527,0.536,3.764,LogScoringTransaction
489,621,"2019-05-03 08:16:51",-3,64.000,0.556,0.540,6.638,LogScoringTransaction
497,621,"2019-05-03 08:18:18",1,42.000,0.540,0.545,2.186,LogScoringTransaction
498,621,"2019-05-03 08:18:23",1,43.000,0.545,0.551,2.212,LogScoringTransaction
1004,621,"2019-05-06 08:38:56",1,7.000,0.532,0.537,2.147,LogScoringTransaction
491,622,"2019-05-03 08:17:14",-3,58.000,0.571,0.554,6.860,LogScoringTransaction
490,623,"2019-05-03 08:17:01",-3,61.000,0.441,0.428,5.301,LogScoringTransaction
496,623,"2019-05-03 08:18:00",-2,44.000,0.428,0.419,3.468,LogScoringTransaction
543,623,"2019-05-03 09:37:15",-1,21.000,0.337,0.334,1.505,LogScoringTransaction
902,623,"2019-05-05 16:42:29",-3,10.000,0.196,0.190,3.717,LogScoringTransaction
1178,624,"2019-05-06 12:05:53",20,20.000,0.883,0.904,22.384,LogScoringTransaction
1175,626,"2019-05-06 12:02:58",30,60.000,0.901,0.927,32.796,LogScoringTransaction
1173,627,"2019-05-06 12:02:39",20,80.000,0.915,0.930,21.678,LogScoringTransaction
1172,631,"2019-05-06 12:02:17",20,100.000,0.589,0.663,31.925,LogScoringTransaction
1177,632,"2019-05-06 12:05:29",-10,30.000,0.456,0.413,17.682,LogScoringTransaction
2105,634,"2019-05-10 14:56:57",17,17.850,0.820,0.849,21.384,LogScoringTransaction
1340,635,"2019-05-06 14:18:51",20,100.000,0.793,0.831,24.614,LogScoringTransaction
1341,637,"2019-05-06 14:20:57",10,80.000,0.677,0.708,14.434,LogScoringTransaction
1342,638,"2019-05-06 14:21:08",10,70.000,0.634,0.669,15.340,LogScoringTransaction
2108,638,"2019-05-10 15:01:30",10,10.000,0.637,0.672,15.273,LogScoringTransaction
1346,639,"2019-05-06 14:22:28",25,50.000,0.700,0.767,34.049,LogScoringTransaction
2106,639,"2019-05-10 14:57:37",-44,0.000,0.696,0.495,84.706,LogScoringTransaction
2107,639,"2019-05-10 15:01:03",10,0.000,0.495,0.547,20.875,LogScoringTransaction
2110,639,"2019-05-10 15:02:34",24,0.151,0.547,0.661,47.888,LogScoringTransaction
2112,639,"2019-05-10 15:03:29",-23,0.000,0.661,0.551,46.078,LogScoringTransaction
1347,640,"2019-05-06 14:22:39",25,25.000,0.637,0.717,36.860,LogScoringTransaction
2104,640,"2019-05-10 14:56:08",-37,0.000,0.778,0.643,66.431,LogScoringTransaction
2109,640,"2019-05-10 15:02:08",19,0.000,0.643,0.734,42.639,LogScoringTransaction
2111,640,"2019-05-10 15:03:03",-19,0.967,0.734,0.638,44.912,LogScoringTransaction
1344,641,"2019-05-06 14:21:45",-10,60.000,0.377,0.341,15.606,LogScoringTransaction
35,651,"2019-05-02 16:04:26",15,100.000,0.500,0.570,28.041,LogScoringTransaction
77,651,"2019-05-02 16:20:08",-3,0.000,0.697,0.687,4.334,LogScoringTransaction
40,652,"2019-05-02 16:04:41",10,85.000,0.591,0.630,16.387,LogScoringTransaction
42,653,"2019-05-02 16:04:48",15,75.000,0.591,0.648,24.216,LogScoringTransaction
60,653,"2019-05-02 16:10:43",17,17.000,0.648,0.703,25.163,LogScoringTransaction
44,654,"2019-05-02 16:05:02",10,60.000,0.591,0.630,16.387,LogScoringTransaction
59,654,"2019-05-02 16:10:22",30,47.000,0.630,0.726,44.192,LogScoringTransaction
51,658,"2019-05-02 16:06:35",-1,50.000,0.500,0.495,1.990,LogScoringTransaction
53,659,"2019-05-02 16:07:54",-2,49.000,0.409,0.401,3.363,LogScoringTransaction
79,659,"2019-05-02 16:20:20",-3,3.000,0.397,0.386,4.929,LogScoringTransaction
1659,669,"2019-05-07 11:15:04",40,100.000,0.873,0.915,44.689,LogScoringTransaction
1660,671,"2019-05-07 11:15:18",20,60.000,0.867,0.891,22.753,LogScoringTransaction
1661,673,"2019-05-07 11:15:31",40,40.000,0.612,0.740,58.982,LogScoringTransaction
2200,678,"2019-05-11 11:40:39",10,80.000,0.824,0.841,12.014,LogScoringTransaction
2204,679,"2019-05-11 12:30:23",10,60.000,0.816,0.833,12.126,LogScoringTransaction
2198,680,"2019-05-11 11:39:47",10,100.000,0.920,0.927,10.826,LogScoringTransaction
2282,680,"2019-05-11 15:45:10",10,10.000,0.835,0.851,11.863,LogScoringTransaction
2199,681,"2019-05-11 11:40:17",10,90.000,0.910,0.918,10.941,LogScoringTransaction
2280,682,"2019-05-11 15:44:03",10,30.000,0.703,0.731,13.939,LogScoringTransaction
2281,683,"2019-05-11 15:44:27",10,20.000,0.658,0.690,14.833,LogScoringTransaction
2272,684,"2019-05-11 14:40:37",-10,40.000,0.424,0.384,16.767,LogScoringTransaction
2201,685,"2019-05-11 12:01:54",10,70.000,0.759,0.782,12.971,LogScoringTransaction
2269,686,"2019-05-11 14:39:55",10,50.000,0.240,0.313,36.315,LogScoringTransaction
678,687,"2019-05-03 15:54:57",-5,92.000,0.871,0.829,33.466,LogScoringTransaction
874,687,"2019-05-04 17:48:16",5,0.000,0.897,0.925,35.648,LogScoringTransaction
679,688,"2019-05-03 15:55:01",-5,87.000,0.823,0.783,25.413,LogScoringTransaction
811,688,"2019-05-03 21:51:52",5,10.000,0.715,0.752,18.791,LogScoringTransaction
875,688,"2019-05-04 17:48:35",3,0.966,0.797,0.811,8.711,LogScoringTransaction
614,689,"2019-05-03 12:33:07",-2,100.000,0.974,0.954,56.959,LogScoringTransaction
810,689,"2019-05-03 21:51:38",10,0.000,0.755,0.835,49.231,LogScoringTransaction
876,689,"2019-05-04 17:49:06",2,0.585,0.858,0.868,8.807,LogScoringTransaction
1191,689,"2019-05-06 12:36:48",-1,0.713,0.934,0.933,1.071,LogScoringTransaction
675,690,"2019-05-03 15:29:49",-2,98.000,0.931,0.913,25.676,LogScoringTransaction
808,691,"2019-05-03 21:50:34",-11,22.000,0.697,0.624,32.456,LogScoringTransaction
809,692,"2019-05-03 21:50:39",-11,11.000,0.629,0.563,27.261,LogScoringTransaction
765,693,"2019-05-03 18:45:37",-5,82.000,0.536,0.510,10.484,LogScoringTransaction
803,693,"2019-05-03 21:43:39",-10,72.000,0.510,0.461,19.444,LogScoringTransaction
1373,693,"2019-05-06 14:42:47",-1,1.713,0.825,0.817,5.591,LogScoringTransaction
766,694,"2019-05-03 18:45:46",-5,77.000,0.529,0.503,10.324,LogScoringTransaction
804,694,"2019-05-03 21:43:44",-10,62.000,0.503,0.455,19.187,LogScoringTransaction
676,695,"2019-05-03 15:47:11",2,96.000,0.418,0.430,4.719,LogScoringTransaction
677,695,"2019-05-03 15:51:09",-6,94.000,0.430,0.402,11.497,LogScoringTransaction
806,695,"2019-05-03 21:44:21",-30,52.000,0.295,0.218,40.278,LogScoringTransaction
812,695,"2019-05-03 21:52:24",-15,15.000,0.218,0.188,18.815,LogScoringTransaction
1355,696,"2019-05-06 14:30:46",25,100.000,0.833,0.870,29.336,LogScoringTransaction
1356,697,"2019-05-06 14:31:07",25,75.000,0.824,0.863,29.624,LogScoringTransaction
1357,698,"2019-05-06 14:31:15",25,50.000,0.831,0.868,29.407,LogScoringTransaction
1359,699,"2019-05-06 14:31:22",25,25.000,0.835,0.872,29.266,LogScoringTransaction
2203,705,"2019-05-11 12:24:51",-15,15.000,0.841,0.724,70.078,LogScoringTransaction
2261,705,"2019-05-11 14:35:37",10,0.000,0.795,0.887,70.078,LogScoringTransaction
2192,707,"2019-05-11 08:40:33",25,100.000,0.897,0.920,27.506,LogScoringTransaction
2193,708,"2019-05-11 08:40:49",25,75.000,0.884,0.910,27.863,LogScoringTransaction
2262,708,"2019-05-11 14:35:51",10,10.891,0.772,0.795,13.901,LogScoringTransaction
2265,708,"2019-05-11 14:36:28",25,25.523,0.795,0.841,31.165,LogScoringTransaction
2194,711,"2019-05-11 08:41:03",25,50.000,0.594,0.684,39.073,LogScoringTransaction
2202,711,"2019-05-11 12:24:38",-15,0.000,0.684,0.633,22.775,LogScoringTransaction
2264,711,"2019-05-11 14:36:14",-7,18.288,0.464,0.424,16.298,LogScoringTransaction
2195,712,"2019-05-11 08:41:10",25,25.000,0.691,0.759,34.432,LogScoringTransaction
2263,712,"2019-05-11 14:36:05",-18,0.000,0.574,0.488,34.432,LogScoringTransaction
620,714,"2019-05-03 13:55:56",10,100.000,0.817,0.834,12.110,LogScoringTransaction
626,715,"2019-05-03 13:57:27",3,55.000,0.788,0.794,3.793,LogScoringTransaction
624,716,"2019-05-03 13:56:43",10,60.000,0.864,0.877,11.492,LogScoringTransaction
625,716,"2019-05-03 13:56:53",-5,50.000,0.877,0.870,5.725,LogScoringTransaction
636,716,"2019-05-03 13:58:49",29,29.000,0.904,0.928,31.642,LogScoringTransaction
623,717,"2019-05-03 13:56:17",30,90.000,0.927,0.946,32.007,LogScoringTransaction
628,718,"2019-05-03 13:57:41",5,52.000,0.617,0.635,7.985,LogScoringTransaction
630,719,"2019-05-03 13:57:48",5,47.000,0.700,0.714,7.072,LogScoringTransaction
631,720,"2019-05-03 13:58:00",5,42.000,0.507,0.531,9.636,LogScoringTransaction
633,721,"2019-05-03 13:58:06",5,37.000,0.563,0.584,8.718,LogScoringTransaction
634,722,"2019-05-03 13:58:13",5,32.000,0.431,0.458,11.250,LogScoringTransaction
635,722,"2019-05-03 13:58:27",-2,27.000,0.458,0.447,4.416,LogScoringTransaction
639,723,"2019-05-03 14:06:46",5,100.000,0.834,0.842,5.964,LogScoringTransaction
1668,723,"2019-05-07 11:50:36",-10,15.000,0.915,0.869,47.726,LogScoringTransaction
1669,723,"2019-05-07 11:50:54",-10,15.883,0.869,0.787,59.098,LogScoringTransaction
1670,723,"2019-05-07 11:51:03",10,5.883,0.787,0.869,59.098,LogScoringTransaction
1671,723,"2019-05-07 11:51:31",10,15.883,0.869,0.915,47.726,LogScoringTransaction
640,724,"2019-05-03 14:07:17",5,95.000,0.794,0.804,6.256,LogScoringTransaction
1963,724,"2019-05-09 08:30:15",10,10.000,0.799,0.819,12.358,LogScoringTransaction
2000,724,"2019-05-09 14:11:18",1,1.184,0.836,0.837,1.195,LogScoringTransaction
641,725,"2019-05-03 14:07:44",10,90.000,0.928,0.935,10.735,LogScoringTransaction
1324,725,"2019-05-06 14:05:34",5,40.000,0.760,0.772,6.529,LogScoringTransaction
1336,725,"2019-05-06 14:17:40",10,15.000,0.772,0.793,12.778,LogScoringTransaction
1667,725,"2019-05-07 11:50:22",-10,5.000,0.901,0.891,11.159,LogScoringTransaction
644,726,"2019-05-03 14:09:12",5,60.000,0.920,0.924,5.424,LogScoringTransaction
1330,726,"2019-05-06 14:14:46",5,30.000,0.818,0.827,6.079,LogScoringTransaction
1331,726,"2019-05-06 14:14:57",5,25.000,0.827,0.835,6.015,LogScoringTransaction
1386,726,"2019-05-06 15:36:37",-10,0.000,0.902,0.892,11.147,LogScoringTransaction
1658,726,"2019-05-07 09:36:11",-5,0.000,0.901,0.896,5.567,LogScoringTransaction
642,727,"2019-05-03 14:08:28",10,80.000,0.635,0.670,15.315,LogScoringTransaction
1333,727,"2019-05-06 14:17:21",-5,10.000,0.677,0.661,7.473,LogScoringTransaction
1339,727,"2019-05-06 14:18:03",5,5.000,0.661,0.677,7.473,LogScoringTransaction
1656,727,"2019-05-07 09:22:44",-15,0.000,0.677,0.612,28.446,LogScoringTransaction
1999,727,"2019-05-09 14:10:49",5,0.000,0.753,0.780,15.583,LogScoringTransaction
645,728,"2019-05-03 14:09:35",-5,55.000,0.714,0.679,16.506,LogScoringTransaction
646,729,"2019-05-03 14:09:53",5,50.000,0.576,0.596,8.534,LogScoringTransaction
1332,729,"2019-05-06 14:16:36",10,20.000,0.669,0.700,14.608,LogScoringTransaction
1657,729,"2019-05-07 09:25:39",5,5.215,0.712,0.727,7.245,LogScoringTransaction
1843,729,"2019-05-08 10:01:35",-15,15.000,0.757,0.718,20.333,LogScoringTransaction
647,730,"2019-05-03 14:10:07",-5,45.000,0.584,0.556,11.626,LogScoringTransaction
1844,730,"2019-05-08 10:02:22",-15,30.000,0.828,0.713,66.348,LogScoringTransaction
1846,730,"2019-05-08 10:14:04",-9,9.000,0.713,0.651,28.358,LogScoringTransaction
1962,730,"2019-05-09 08:29:58",10,0.000,0.721,0.797,41.800,LogScoringTransaction
2097,730,"2019-05-10 13:05:53",10,0.184,0.704,0.778,38.781,LogScoringTransaction
643,731,"2019-05-03 14:08:46",-10,70.000,0.447,0.405,17.423,LogScoringTransaction
1325,731,"2019-05-06 14:06:37",-5,35.000,0.397,0.377,8.156,LogScoringTransaction
1387,731,"2019-05-06 15:36:48",-10,10.000,0.538,0.487,20.498,LogScoringTransaction
1845,731,"2019-05-08 10:03:03",-6,15.000,0.330,0.311,8.832,LogScoringTransaction
1291,732,"2019-05-06 13:47:19",10,70.000,0.826,0.842,11.987,LogScoringTransaction
1292,732,"2019-05-06 13:47:24",10,60.000,0.842,0.857,11.765,LogScoringTransaction
1293,733,"2019-05-06 13:47:46",10,50.000,0.785,0.805,12.577,LogScoringTransaction
2096,733,"2019-05-10 12:28:46",-10,50.305,0.837,0.820,12.574,LogScoringTransaction
531,734,"2019-05-03 09:17:54",10,100.000,0.991,0.992,10.090,LogScoringTransaction
1256,734,"2019-05-06 13:36:45",10,80.000,0.735,0.760,13.380,LogScoringTransaction
1994,734,"2019-05-09 12:28:36",-21,29.015,0.917,0.897,23.466,LogScoringTransaction
1299,736,"2019-05-06 13:48:49",-5,40.000,0.712,0.677,16.385,LogScoringTransaction
1955,737,"2019-05-09 07:46:05",10,39.015,0.579,0.619,16.683,LogScoringTransaction
1637,739,"2019-05-07 08:19:38",10,35.000,0.763,0.786,12.907,LogScoringTransaction
532,740,"2019-05-03 09:18:55",10,90.000,0.268,0.337,33.151,LogScoringTransaction
1954,740,"2019-05-09 07:45:33",-14,25.000,0.463,0.383,33.152,LogScoringTransaction
1391,741,"2019-05-06 15:38:50",9,9.000,0.874,0.885,10.235,LogScoringTransaction
1700,741,"2019-05-07 13:59:25",-10,0.772,0.922,0.909,17.042,LogScoringTransaction
1725,741,"2019-05-07 15:42:20",2,0.570,0.881,0.890,8.175,LogScoringTransaction
1360,742,"2019-05-06 14:31:27",10,85.000,0.863,0.876,11.503,LogScoringTransaction
1363,742,"2019-05-06 14:34:30",-5,60.000,0.876,0.869,5.730,LogScoringTransaction
1378,743,"2019-05-06 14:52:07",10,65.000,0.868,0.881,11.434,LogScoringTransaction
1655,743,"2019-05-07 09:06:26",-10,4.483,0.879,0.867,11.560,LogScoringTransaction
1662,743,"2019-05-07 11:37:55",10,14.449,0.891,0.901,11.270,LogScoringTransaction
1384,744,"2019-05-06 15:33:43",15,35.000,0.886,0.902,16.771,LogScoringTransaction
1966,744,"2019-05-09 08:54:37",-15,0.352,0.909,0.894,16.639,LogScoringTransaction
1362,745,"2019-05-06 14:33:32",10,70.000,0.708,0.736,13.850,LogScoringTransaction
1409,745,"2019-05-06 16:17:11",-20,26.000,0.683,0.585,42.080,LogScoringTransaction
1385,746,"2019-05-06 15:34:21",20,20.000,0.669,0.729,28.584,LogScoringTransaction
1389,746,"2019-05-06 15:37:44",-14,15.000,0.729,0.688,19.745,LogScoringTransaction
1390,746,"2019-05-06 15:38:42",20,29.000,0.688,0.745,27.886,LogScoringTransaction
1393,746,"2019-05-06 15:43:06",-26,0.000,0.745,0.669,36.724,LogScoringTransaction
1701,746,"2019-05-07 13:59:48",9,9.570,0.676,0.704,13.037,LogScoringTransaction
1965,746,"2019-05-09 08:54:26",2,2.352,0.601,0.609,3.306,LogScoringTransaction
1967,746,"2019-05-09 08:54:50",10,15.352,0.609,0.646,15.932,LogScoringTransaction
1358,747,"2019-05-06 14:31:19",15,100.000,0.767,0.799,19.155,LogScoringTransaction
1361,748,"2019-05-06 14:32:52",5,75.000,0.717,0.731,6.902,LogScoringTransaction
1410,748,"2019-05-06 16:27:29",24,24.483,0.754,0.807,30.722,LogScoringTransaction
1374,749,"2019-05-06 14:46:51",5,65.000,0.376,0.406,12.784,LogScoringTransaction
1377,749,"2019-05-06 14:51:38",-5,60.000,0.406,0.376,12.784,LogScoringTransaction
1383,749,"2019-05-06 15:32:26",20,55.000,0.435,0.538,41.115,LogScoringTransaction
1388,749,"2019-05-06 15:37:14",-15,0.000,0.487,0.403,33.728,LogScoringTransaction
1653,749,"2019-05-07 09:05:54",-4,0.483,0.571,0.553,7.120,LogScoringTransaction
1699,749,"2019-05-07 13:59:09",-4,4.477,0.553,0.531,8.677,LogScoringTransaction
1964,749,"2019-05-09 08:54:12",8,0.138,0.383,0.420,15.444,LogScoringTransaction
1968,749,"2019-05-09 08:54:59",-5,5.352,0.420,0.394,10.537,LogScoringTransaction
663,750,"2019-05-03 14:39:21",10,84.000,0.857,0.871,11.570,LogScoringTransaction
1183,751,"2019-05-06 12:18:18",18,31.113,0.882,0.902,20.174,LogScoringTransaction
1179,752,"2019-05-06 12:08:50",10,41.113,0.927,0.934,10.747,LogScoringTransaction
833,753,"2019-05-04 06:08:17",8,57.000,0.767,0.785,10.313,LogScoringTransaction
1174,753,"2019-05-06 12:02:56",-10,44.000,0.930,0.919,15.931,LogScoringTransaction
662,754,"2019-05-03 14:38:33",10,94.000,0.673,0.705,14.511,LogScoringTransaction
1382,754,"2019-05-06 15:02:54",3,13.113,0.673,0.683,4.427,LogScoringTransaction
672,756,"2019-05-03 14:44:05",12,74.000,0.590,0.637,19.555,LogScoringTransaction
1176,756,"2019-05-06 12:04:46",12,53.113,0.657,0.696,17.731,LogScoringTransaction
1632,757,"2019-05-07 05:26:06",10,10.113,0.738,0.763,13.315,LogScoringTransaction
654,758,"2019-05-03 14:36:27",6,100.000,0.405,0.440,14.214,LogScoringTransaction
832,758,"2019-05-04 06:06:56",5,62.000,0.154,0.195,28.770,LogScoringTransaction
1171,758,"2019-05-06 12:00:42",5,49.000,0.428,0.456,11.305,LogScoringTransaction
2252,768,"2019-05-11 14:05:26",1,100.000,0.793,0.795,1.259,LogScoringTransaction
2253,769,"2019-05-11 14:06:23",-9,99.000,0.857,0.783,50.473,LogScoringTransaction
2254,770,"2019-05-11 14:07:42",-13,90.000,0.951,0.835,134.205,LogScoringTransaction
2255,771,"2019-05-11 14:07:56",-20,77.000,0.942,0.772,157.719,LogScoringTransaction
2256,772,"2019-05-11 14:08:13",1,57.000,0.700,0.703,1.425,LogScoringTransaction
2257,773,"2019-05-11 14:08:29",3,56.000,0.647,0.658,4.597,LogScoringTransaction
2258,774,"2019-05-11 14:08:45",-21,53.000,0.573,0.464,43.609,LogScoringTransaction
2259,775,"2019-05-11 14:08:58",-21,32.000,0.708,0.574,58.766,LogScoringTransaction
2260,776,"2019-05-11 14:09:08",-11,11.000,0.327,0.293,15.948,LogScoringTransaction
2239,777,"2019-05-11 13:08:11",10,40.000,0.747,0.771,13.167,LogScoringTransaction
2243,777,"2019-05-11 13:09:29",10,20.000,0.771,0.793,12.782,LogScoringTransaction
2242,778,"2019-05-11 13:09:23",10,30.000,0.841,0.857,11.777,LogScoringTransaction
2237,779,"2019-05-11 13:07:48",-10,60.000,0.946,0.856,107.764,LogScoringTransaction
2240,779,"2019-05-11 13:08:21",20,30.000,0.856,0.951,118.309,LogScoringTransaction
2238,780,"2019-05-11 13:07:54",-10,50.000,0.936,0.847,97.496,LogScoringTransaction
2241,780,"2019-05-11 13:09:04",20,30.000,0.847,0.942,108.141,LogScoringTransaction
2233,781,"2019-05-11 13:06:45",-10,100.000,0.774,0.700,38.181,LogScoringTransaction
2234,782,"2019-05-11 13:06:56",-10,90.000,0.715,0.647,31.447,LogScoringTransaction
2235,783,"2019-05-11 13:07:10",-10,80.000,0.633,0.573,25.182,LogScoringTransaction
2236,784,"2019-05-11 13:07:17",-10,70.000,0.782,0.708,39.408,LogScoringTransaction
2244,785,"2019-05-11 13:09:44",-10,10.000,0.362,0.327,15.257,LogScoringTransaction
1199,786,"2019-05-06 13:14:35",10,100.000,0.905,0.914,10.996,LogScoringTransaction
1211,786,"2019-05-06 13:20:36",-10,0.000,0.914,0.905,10.999,LogScoringTransaction
1212,786,"2019-05-06 13:20:40",-10,10.000,0.905,0.819,74.419,LogScoringTransaction
1663,786,"2019-05-07 11:39:50",5,0.000,0.915,0.958,74.865,LogScoringTransaction
1664,786,"2019-05-07 11:40:07",-4,4.151,0.958,0.919,68.835,LogScoringTransaction
1665,786,"2019-05-07 11:40:35",4,0.500,0.919,0.957,66.620,LogScoringTransaction
1666,786,"2019-05-07 11:40:57",-4,4.500,0.957,0.915,72.652,LogScoringTransaction
1200,787,"2019-05-06 13:14:49",10,90.000,0.903,0.912,11.021,LogScoringTransaction
1214,787,"2019-05-06 13:20:57",-20,0.000,0.912,0.817,84.275,LogScoringTransaction
1202,788,"2019-05-06 13:15:02",20,80.000,0.934,0.946,21.275,LogScoringTransaction
1215,788,"2019-05-06 13:21:09",-40,0.000,0.946,0.765,168.269,LogScoringTransaction
1203,789,"2019-05-06 13:15:11",10,60.000,0.919,0.927,10.835,LogScoringTransaction
1216,789,"2019-05-06 13:21:32",-20,0.000,0.927,0.832,94.067,LogScoringTransaction
1205,790,"2019-05-06 13:15:21",20,50.000,0.619,0.688,30.579,LogScoringTransaction
1206,791,"2019-05-06 13:15:37",30,30.000,0.541,0.660,49.851,LogScoringTransaction
2327,795,"2019-05-11 20:35:53",5,100.000,0.847,0.854,5.877,LogScoringTransaction
2355,795,"2019-05-11 21:00:52",3,27.000,0.854,0.859,3.502,LogScoringTransaction
2360,795,"2019-05-11 21:02:56",2,12.000,0.859,0.862,2.325,LogScoringTransaction
2328,796,"2019-05-11 20:36:15",5,95.000,0.783,0.793,6.344,LogScoringTransaction
2345,796,"2019-05-11 20:53:26",3,60.000,0.793,0.800,3.767,LogScoringTransaction
2361,796,"2019-05-11 21:03:03",2,10.000,0.800,0.804,2.495,LogScoringTransaction
2329,797,"2019-05-11 20:37:11",5,90.000,0.851,0.858,5.852,LogScoringTransaction
2356,797,"2019-05-11 21:01:10",3,24.000,0.858,0.862,3.488,LogScoringTransaction
2362,797,"2019-05-11 21:03:09",2,8.000,0.862,0.865,2.316,LogScoringTransaction
2330,798,"2019-05-11 20:37:25",5,85.000,0.841,0.849,5.916,LogScoringTransaction
2357,798,"2019-05-11 21:01:18",3,21.000,0.849,0.853,3.524,LogScoringTransaction
2363,798,"2019-05-11 21:03:17",2,6.000,0.853,0.856,2.339,LogScoringTransaction
2342,799,"2019-05-11 20:51:51",2,80.000,0.731,0.737,2.725,LogScoringTransaction
2358,799,"2019-05-11 21:01:42",3,18.000,0.737,0.744,4.051,LogScoringTransaction
2359,799,"2019-05-11 21:02:08",3,15.000,0.744,0.752,4.009,LogScoringTransaction
2364,799,"2019-05-11 21:03:26",2,4.000,0.752,0.757,2.651,LogScoringTransaction
2346,800,"2019-05-11 20:54:23",5,57.000,0.690,0.705,7.164,LogScoringTransaction
2354,800,"2019-05-11 20:58:22",3,30.000,0.705,0.714,4.227,LogScoringTransaction
2365,800,"2019-05-11 21:03:33",2,2.000,0.714,0.720,2.790,LogScoringTransaction
2348,801,"2019-05-11 20:54:49",5,55.000,0.384,0.414,12.547,LogScoringTransaction
2350,801,"2019-05-11 20:56:13",-5,45.000,0.414,0.384,12.547,LogScoringTransaction
2351,801,"2019-05-11 20:56:33",-10,50.000,0.384,0.347,15.752,LogScoringTransaction
2343,802,"2019-05-11 20:52:19",-10,78.000,0.488,0.442,18.689,LogScoringTransaction
2347,802,"2019-05-11 20:54:38",3,52.000,0.442,0.455,5.439,LogScoringTransaction
2349,802,"2019-05-11 20:55:47",-5,50.000,0.455,0.433,8.994,LogScoringTransaction
2352,802,"2019-05-11 20:57:07",-5,40.000,0.433,0.412,8.657,LogScoringTransaction
2353,802,"2019-05-11 20:57:27",-5,35.000,0.412,0.392,8.359,LogScoringTransaction
2344,803,"2019-05-11 20:53:07",-8,68.000,0.283,0.261,10.986,LogScoringTransaction
